,link,date,topic,src
0,https://timesofindia.indiatimes.com/entertainment/hindi/bollywood/news/shruti-haasan-looks-unrecognizable-in-this-throwback-picture-with-legendary-singer-asha-bhosle/articleshow/74569635.cms,"11 Mar 2020, 09:30",bollywood,TOI
1,https://timesofindia.indiatimes.com/entertainment/hindi/bollywood/news/bhool-bhulaiyaa-2-kartik-aaryan-and-kiara-advani-share-a-sneak-peek-from-their-night-shoot-in-lucknow/articleshow/74569466.cms,"11 Mar 2020, 09:17",bollywood,TOI
2,https://timesofindia.indiatimes.com/entertainment/hindi/bollywood/news/shabana-azmi-cancels-holi-celebration-shares-throwback-photos-with-javed-and-farhan-akhtar/articleshow/74569476.cms,"11 Mar 2020, 09:16",bollywood,TOI
3,https://timesofindia.indiatimes.com/entertainment/hindi/bollywood/news/exclusive-radhika-madan-irrfan-sir-has-done-so-many-films-but-he-still-approaches-every-project-as-his-first/articleshow/74569004.cms,"11 Mar 2020, 08:35",bollywood,TOI
4,https://timesofindia.indiatimes.com/entertainment/hindi/bollywood/news/milind-soman-trends-on-social-media-after-he-talks-about-his-rss-stint-as-a-boy-reacts-saying-trending-at-54-for-an-experience-i-had-at-the-age-of-10/articleshow/74568054.cms,"11 Mar 2020, 05:01",bollywood,TOI
5,https://timesofindia.indiatimes.com/entertainment/hindi/bollywood/news/this-picture-of-salman-khans-niece-ayat-in-mom-arpita-khan-sharmas-arms-will-melt-your-hearts/articleshow/74568048.cms,"11 Mar 2020, 04:39",bollywood,TOI
6,https://timesofindia.indiatimes.com/entertainment/hindi/bollywood/news/kangana-ranaut-pose-for-a-perfect-selfie-as-she-celebrates-holi-with-her-family/articleshow/74567998.cms,"11 Mar 2020, 03:39",bollywood,TOI
7,https://timesofindia.indiatimes.com/entertainment/hindi/bollywood/news/urvashi-rautela-shares-a-video-from-her-holi-celebration-captions-let-the-inner-child-free/articleshow/74567974.cms,"11 Mar 2020, 03:15",bollywood,TOI
8,https://timesofindia.indiatimes.com/entertainment/hindi/bollywood/news/sunny-leone-shares-beautiful-pictures-from-her-holi-celebration-with-family/articleshow/74567939.cms,"11 Mar 2020, 02:37",bollywood,TOI
9,https://timesofindia.indiatimes.com/entertainment/hindi/bollywood/news/holi-2020-watch-kartik-aaryan-and-kriti-sanon-grooving-to-the-tunes-of-ranbir-kapoor-and-deepika-padukones-balam-pichkari/articleshow/74567896.cms,"11 Mar 2020, 01:46",bollywood,TOI
10,https://timesofindia.indiatimes.com/entertainment/hindi/bollywood/news/holi-2020-dont-miss-this-video-of-kids-splashing-coloured-water-on-priyanka-chopra-and-nick-jonas/articleshow/74567439.cms,"11 Mar 2020, 00:05",bollywood,TOI
11,https://timesofindia.indiatimes.com/entertainment/hindi/bollywood/news/veteran-actor-dharmendra-deol-thanks-fans-with-throwback-picture/articleshow/74566769.cms,"10 Mar 2020, 22:27",bollywood,TOI
12,https://timesofindia.indiatimes.com/entertainment/hindi/bollywood/news/sara-ali-khan-opts-for-rose-petals-instead-of-colours-to-celebrate-holi-in-benaras/articleshow/74566577.cms,"10 Mar 2020, 22:03",bollywood,TOI
13,https://timesofindia.indiatimes.com/entertainment/hindi/bollywood/news/photos-ranbir-kapoor-alia-bhatt-and-katrina-kaif-attend-holi-celebration-in-mumbai/articleshow/74566029.cms,"10 Mar 2020, 21:04",bollywood,TOI
14,https://timesofindia.indiatimes.com/entertainment/hindi/bollywood/news/photos-vidya-balan-celebrates-holi-on-the-sets-of-sherni/articleshow/74565340.cms,"10 Mar 2020, 19:45",bollywood,TOI
15,https://timesofindia.indiatimes.com/entertainment/hindi/bollywood/news/happy-holi-from-kareena-kapoor-khan-saif-ali-khan-to-varun-dhawan-natasha-dalal-b-town-couples-celebrate-the-festival-of-colours/photostory/74565080.cms,"10 Mar 2020, 19:21",bollywood,TOI
16,https://timesofindia.indiatimes.com/entertainment/hindi/bollywood/news/making-notes-like-siddhant-chaturvedi/articleshow/74564823.cms,"10 Mar 2020, 18:56",bollywood,TOI
17,https://timesofindia.indiatimes.com/entertainment/hindi/bollywood/news/like-mother-like-son-looks-like-pink-is-taimur-ali-khans-colour-too/articleshow/74564780.cms,"10 Mar 2020, 18:50",bollywood,TOI
18,https://timesofindia.indiatimes.com/entertainment/hindi/bollywood/news/shah-rukh-khan-extends-holi-wishes-on-social-media-with-an-uber-cool-selfie/articleshow/74563873.cms,"10 Mar 2020, 17:14",bollywood,TOI
19,https://timesofindia.indiatimes.com/entertainment/hindi/bollywood/news/sonali-bendre-will-brighten-up-your-day-with-this-post/articleshow/74563641.cms,"10 Mar 2020, 16:43",bollywood,TOI
20,https://timesofindia.indiatimes.com/entertainment/hindi/bollywood/news/watch-video-heres-how-kareena-kapoor-khan-is-celebrating-holi-with-her-fans/articleshow/74563625.cms,"10 Mar 2020, 16:36",bollywood,TOI
21,https://timesofindia.indiatimes.com/entertainment/hindi/bollywood/news/mira-rajput-expresses-her-love-for-hubby-shahid-kapoor-by-getting-his-initials-on-her-neck-with-a-heart-on-holi/articleshow/74563595.cms,"10 Mar 2020, 20:24",bollywood,TOI
22,https://timesofindia.indiatimes.com/entertainment/hindi/bollywood/news/with-three-films-in-his-kitty-its-going-to-be-a-busy-year-for-aayush-sharma/articleshow/74563591.cms,"10 Mar 2020, 16:32",bollywood,TOI
23,https://timesofindia.indiatimes.com/entertainment/hindi/bollywood/news/ridheema-tiwari-used-to-find-bollywood-movies-intimidating/articleshow/74563405.cms,"10 Mar 2020, 16:22",bollywood,TOI
24,https://timesofindia.indiatimes.com/entertainment/hindi/bollywood/news/video-shraddha-kapoors-reaction-after-seeing-a-giant-jalebi-gifted-by-a-fan-is-priceless/articleshow/74563329.cms,"10 Mar 2020, 16:08",bollywood,TOI
25,https://timesofindia.indiatimes.com/entertainment/hindi/bollywood/news/riteish-deshmukh-on-opening-up-his-life-on-social-media/articleshow/74563332.cms,"10 Mar 2020, 16:09",bollywood,TOI
26,https://timesofindia.indiatimes.com/entertainment/hindi/bollywood/news/holi-2020-twinkle-khanna-shares-a-throwback-photo-of-father-rajesh-khanna-and-dimple-kapadia/articleshow/74563306.cms,"10 Mar 2020, 20:05",bollywood,TOI
27,https://timesofindia.indiatimes.com/entertainment/hindi/bollywood/news/anisha-padukone-if-your-father-is-a-doctor-doesnt-mean-that-you-be-one-too/articleshow/74563267.cms,"10 Mar 2020, 16:01",bollywood,TOI
28,https://timesofindia.indiatimes.com/entertainment/hindi/bollywood/news/coronavirus-delays-ranveer-singhs-83-trailer-launch/articleshow/74563254.cms,"10 Mar 2020, 16:16",bollywood,TOI
29,https://timesofindia.indiatimes.com/entertainment/hindi/bollywood/news/when-ranbir-kapoor-forget-his-holi-troubles-and-danced-his-heart-out-in-balam-pichkari-with-deepika-padukone-read-details/articleshow/74563241.cms,"10 Mar 2020, 17:01",bollywood,TOI
30,https://timesofindia.indiatimes.com/entertainment/hindi/bollywood/news/when-alia-told-me-how-guilty-she-felt-about-not-knowing-i-almost-wished-id-opened-up-to-her-earlier-shaheen-bhatt-on-dealing-with-depression/articleshow/74563183.cms,"10 Mar 2020, 15:55",bollywood,TOI
31,https://timesofindia.indiatimes.com/entertainment/hindi/bollywood/news/happy-birthday-rysa-panday-these-childhood-pics-of-the-starkid-and-her-sister-ananya-panday-are-too-cute-to-be-missed/articleshow/74563117.cms,"10 Mar 2020, 15:40",bollywood,TOI
32,https://timesofindia.indiatimes.com/entertainment/hindi/bollywood/news/this-adorable-picture-of-soha-ali-khan-and-daughter-inaaya-naumi-kemmu-from-the-holi-festivities-will-make-your-day/articleshow/74563115.cms,"10 Mar 2020, 17:32",bollywood,TOI
33,https://timesofindia.indiatimes.com/entertainment/hindi/bollywood/news/karisma-kapoor-talks-about-parenthood/articleshow/74562820.cms,"10 Mar 2020, 15:16",bollywood,TOI
34,https://timesofindia.indiatimes.com/entertainment/hindi/bollywood/news/sunny-leone-creates-a-colorful-look-on-a-festive-day/articleshow/74562262.cms,"10 Mar 2020, 15:00",bollywood,TOI
35,https://timesofindia.indiatimes.com/entertainment/hindi/bollywood/news/happy-holi-2020-kareena-kapoor-khan-to-katrina-kaif-when-actresses-played-with-neon-colours-during-their-fashion-outings/photostory/74562635.cms,"10 Mar 2020, 14:46",bollywood,TOI
36,https://timesofindia.indiatimes.com/entertainment/hindi/bollywood/news/kunal-kemmu-celebrates-holi-after-12-years-thanks-to-daughter-inaaya/articleshow/74562646.cms,"10 Mar 2020, 16:17",bollywood,TOI
37,https://timesofindia.indiatimes.com/entertainment/hindi/bollywood/news/nitesh-tiwari-important-for-films-like-ghar-ki-murgi-panga-to-connect-more-with-male-audience/articleshow/74562590.cms,"10 Mar 2020, 14:40",bollywood,TOI
38,https://timesofindia.indiatimes.com/entertainment/hindi/bollywood/news/kartik-aaryan-reveals-why-he-isnt-playing-holi-this-year-with-his-throwback-holi-celebration-picture-view-post/articleshow/74562504.cms,"10 Mar 2020, 14:21",bollywood,TOI
39,https://timesofindia.indiatimes.com/entertainment/hindi/bollywood/news/aamir-khan-wishes-fans-holi-mubarak-with-unseen-colourful-clicks-of-son-azad-and-wife-kiran-rao/articleshow/74562338.cms,"10 Mar 2020, 16:21",bollywood,TOI
40,https://timesofindia.indiatimes.com/entertainment/hindi/bollywood/news/varun-dhawan-and-natasha-dalal-step-out-to-play-holi-with-friends-view-pictures/articleshow/74562283.cms,"10 Mar 2020, 17:19",bollywood,TOI
41,https://timesofindia.indiatimes.com/entertainment/hindi/bollywood/news/happy-holi-2020-priyanka-chopra-pens-down-a-gratifying-note-says-nicks-first-holi-was-made-so-special/articleshow/74562106.cms,"10 Mar 2020, 13:24",bollywood,TOI
42,https://timesofindia.indiatimes.com/entertainment/hindi/bollywood/news/amitabh-bachchan-shares-priceless-throwback-pictures-from-the-holi-celebrations-and-you-cant-afford-to-miss-it/articleshow/74562013.cms,"10 Mar 2020, 13:16",bollywood,TOI
43,https://timesofindia.indiatimes.com/entertainment/hindi/bollywood/news/photos-taimur-twins-in-white-with-parents-kareena-kapoor-and-saif-ali-khan-as-they-step-out-to-celebrate-holi/articleshow/74561986.cms,"10 Mar 2020, 13:15",bollywood,TOI
44,https://timesofindia.indiatimes.com/entertainment/hindi/bollywood/news/lovebirds-hardik-pandya-and-natasa-stankovic-celebrate-holi-with-their-families-view-pictures/articleshow/74561849.cms,"10 Mar 2020, 18:43",bollywood,TOI
45,https://timesofindia.indiatimes.com/entertainment/hindi/bollywood/news/richa-chadha-wears-a-mask-to-protect-herself-from-coronavirus-outbreak-view-post/articleshow/74561785.cms,"10 Mar 2020, 12:43",bollywood,TOI
46,https://timesofindia.indiatimes.com/entertainment/hindi/bollywood/news/badrinath-ki-dulhania-clocks-3-years-alia-bhatt-celebrates-the-occasion-by-wishing-her-fans-happy-holi/articleshow/74561598.cms,"10 Mar 2020, 12:27",bollywood,TOI
47,https://timesofindia.indiatimes.com/entertainment/hindi/bollywood/news/book-on-dilip-kumar-talks-of-his-doomed-affair-with-kamini-kaushal/articleshow/74561471.cms,"10 Mar 2020, 12:16",bollywood,TOI
48,https://timesofindia.indiatimes.com/entertainment/hindi/bollywood/news/urvashi-rautela-becomes-a-certified-scuba-diver/articleshow/74561244.cms,"10 Mar 2020, 11:43",bollywood,TOI
49,https://timesofindia.indiatimes.com/entertainment/hindi/bollywood/news/evelyn-sharma-shares-a-throwback-picture-with-ranbir-kapoor-captions-it-how-many-holi-memes-can-you-make-with-this/articleshow/74561333.cms,"10 Mar 2020, 11:40",bollywood,TOI
50,https://timesofindia.indiatimes.com/entertainment/hindi/bollywood/news/happy-holi-2020-subhash-ghai-shares-a-20-year-old-throwback-video-of-shah-rukh-and-gauri-khan-dancing-like-no-one-is-watching/articleshow/74561155.cms,"10 Mar 2020, 16:26",bollywood,TOI
51,https://timesofindia.indiatimes.com/entertainment/hindi/bollywood/news/watch-deepika-padukone-grooves-to-balam-pichkari-as-she-wishes-her-fans-happy-holi/articleshow/74561083.cms,"10 Mar 2020, 14:54",bollywood,TOI
52,https://timesofindia.indiatimes.com/entertainment/hindi/bollywood/news/arjun-kapoor-clicking-a-going-out-of-his-way-for-a-selfie-with-a-fan-is-winning-the-internet/articleshow/74560797.cms,"10 Mar 2020, 16:27",bollywood,TOI
53,https://timesofindia.indiatimes.com/entertainment/hindi/bollywood/news/watch-video-fans-cheer-out-loud-as-janhvi-kapoor-dances-to-the-tunes-of-zingaat-at-an-event/articleshow/74560773.cms,"11 Mar 2020, 08:09",bollywood,TOI
54,https://timesofindia.indiatimes.com/entertainment/hindi/bollywood/news/video-disha-patani-chills-with-tiger-shroffs-sister-krishna-in-the-gym/articleshow/74560662.cms,"10 Mar 2020, 16:30",bollywood,TOI
55,https://timesofindia.indiatimes.com/entertainment/hindi/bollywood/news/pati-patni-aur-woh-co-stars-kartik-aaryan-and-bhumi-pednekars-fun-banter-over-photo-captions-is-not-to-be-missed/articleshow/74560604.cms,"10 Mar 2020, 10:04",bollywood,TOI
56,https://timesofindia.indiatimes.com/entertainment/hindi/bollywood/news/salman-khan-starrer-kabhi-eid-kabhi-diwali-to-feature-brother-in-law-aayush-sharma/articleshow/74560470.cms,"10 Mar 2020, 16:32",bollywood,TOI
57,https://timesofindia.indiatimes.com/entertainment/hindi/bollywood/news/have-you-seen-this-video-of-priyanka-chopra-and-nick-jonas-enjoying-bhang-at-a-holi-party/articleshow/74560360.cms,"10 Mar 2020, 15:30",bollywood,TOI
58,https://timesofindia.indiatimes.com/entertainment/hindi/bollywood/news/happy-holi-2020-aishwarya-rai-bachchan-to-rishi-kapoor-bollywood-celebrities-post-colourful-wishes-for-fans-on-the-festive-occasion/articleshow/74560238.cms,"10 Mar 2020, 14:59",bollywood,TOI
59,https://timesofindia.indiatimes.com/entertainment/hindi/bollywood/news/exclusive-angad-bedi-would-love-to-work-with-directors-like-luv-ranjan-and-shakun-batra/articleshow/74553546.cms,"10 Mar 2020, 08:00",bollywood,TOI
60,https://timesofindia.indiatimes.com/entertainment/hindi/bollywood/news/happy-holi-2020-shah-rukh-khan-to-amitabh-bachchan-and-salman-khan-heres-a-throwback-of-bollywoods-holi-celebrations/photostory/74550832.cms,"10 Mar 2020, 08:30",bollywood,TOI
61,https://timesofindia.indiatimes.com/entertainment/hindi/bollywood/news/bhumi-pednekar-on-working-with-top-producers-of-bollywood-im-only-grateful-that-they-are-making-me-a-part-of-their-vision/articleshow/74559334.cms,"10 Mar 2020, 05:40",bollywood,TOI
62,https://timesofindia.indiatimes.com/entertainment/hindi/bollywood/news/after-celebrating-holi-in-india-priyanka-chopra-and-nick-jonas-head-back-to-us-get-snapped-walking-hand-in-hand-at-the-airport/articleshow/74559229.cms,"10 Mar 2020, 04:30",bollywood,TOI
63,https://timesofindia.indiatimes.com/entertainment/hindi/bollywood/news/deepika-padukone-wants-to-do-more-films-in-2020-apart-from-shakun-batras-next-and-the-intern-remake-read-details/articleshow/74559079.cms,"10 Mar 2020, 02:17",bollywood,TOI
64,https://timesofindia.indiatimes.com/entertainment/hindi/bollywood/news/irrfan-i-was-worried-that-being-out-of-sight-would-mean-out-of-mind/articleshow/74553988.cms,"10 Mar 2020, 01:00",bollywood,TOI
65,https://timesofindia.indiatimes.com/entertainment/hindi/bollywood/news/rishi-kapoor-wishes-everyone-a-happy-holi-asks-everyone-to-be-safe-amidst-coronavirus-outbreak/articleshow/74558725.cms,"10 Mar 2020, 00:50",bollywood,TOI
66,https://timesofindia.indiatimes.com/entertainment/hindi/bollywood/news/aishwarya-rai-bachchan-wishes-everyone-a-happy-holi-shares-pictures-of-holika-dahan/articleshow/74558253.cms,"9 Mar 2020, 23:54",bollywood,TOI
67,https://timesofindia.indiatimes.com/entertainment/hindi/bollywood/news/photos-janhvi-kapoor-flashes-her-sweet-smile-post-her-workout-session-in-mumbai/articleshow/74556700.cms,"9 Mar 2020, 21:44",bollywood,TOI
68,https://timesofindia.indiatimes.com/entertainment/hindi/bollywood/news/patralekhaa-lashes-out-at-trolls-for-calling-her-cheap-wannabe-says-my-body-my-armour-i-will-wear-what-i-want-to-wear/articleshow/74556072.cms,"9 Mar 2020, 20:45",bollywood,TOI
69,https://timesofindia.indiatimes.com/entertainment/hindi/bollywood/news/you-cant-miss-this-message-written-on-kartik-aaryans-injured-hand-view-pictures/articleshow/74555628.cms,"10 Mar 2020, 16:53",bollywood,TOI
70,https://timesofindia.indiatimes.com/entertainment/hindi/bollywood/news/exclusive-ahmed-khan-slams-those-asking-wheres-the-plot-in-baaghi-3-people-praise-hollywood-films-but-when-we-try-something-new-then-they-question-the-logic/articleshow/74555363.cms,"9 Mar 2020, 19:49",bollywood,TOI
71,https://timesofindia.indiatimes.com/entertainment/hindi/bollywood/news/photos-malaika-arora-is-all-dolled-up-in-a-stunning-lavender-gown-in-her-latest-photoshoot/articleshow/74555228.cms,"9 Mar 2020, 19:33",bollywood,TOI
72,https://timesofindia.indiatimes.com/entertainment/hindi/bollywood/news/shilpa-shetty-and-husband-raj-kundra-pose-with-their-newborn-daughter-samisha-at-the-airport-view-pictures/articleshow/74555099.cms,"10 Mar 2020, 18:14",bollywood,TOI
73,https://timesofindia.indiatimes.com/entertainment/hindi/bollywood/news/photos-priyanka-chopra-and-nick-jonas-snapped-walking-hand-in-hand-as-they-return-from-their-weekend-getaway/articleshow/74554491.cms,"9 Mar 2020, 18:47",bollywood,TOI
74,https://timesofindia.indiatimes.com/entertainment/hindi/bollywood/news/director-ahmed-khan-hints-at-baaghi-4-says-will-keep-the-franchise-alive/articleshow/74553711.cms,"9 Mar 2020, 17:52",bollywood,TOI
75,https://timesofindia.indiatimes.com/entertainment/hindi/bollywood/news/rangoli-chandel-reveals-kangana-ranaut-followed-aamir-khan-as-her-role-model-but-things-are-different-now-deets-inside/articleshow/74553394.cms,"9 Mar 2020, 17:45",bollywood,TOI
76,https://timesofindia.indiatimes.com/entertainment/hindi/bollywood/news/preity-zinta-nostalgic-as-chori-chori-chupke-chupke-turns-19/articleshow/74553316.cms,"9 Mar 2020, 17:36",bollywood,TOI
77,https://timesofindia.indiatimes.com/entertainment/hindi/bollywood/news/rohit-shettysooryavanshi-stunts-performed-by-akshay-kumar/articleshow/74553163.cms,"9 Mar 2020, 17:28",bollywood,TOI
78,https://timesofindia.indiatimes.com/entertainment/hindi/bollywood/photo-features/celebs-instagram-pics-you-should-not-miss/photos-vaani-kapoor-looks-regal-in-this-stunning-blush-pink-anarkali-suit/photostory/74552723.cms,"9 Mar 2020, 17:08",bollywood,TOI
79,https://timesofindia.indiatimes.com/entertainment/hindi/bollywood/news/ayushmann-khurrana-response-to-shubh-mangal-zyada-saavdhan-shows-india-has-evolved/articleshow/74552761.cms,"9 Mar 2020, 17:08",bollywood,TOI
80,https://timesofindia.indiatimes.com/entertainment/hindi/bollywood/news/coronavirus-scare-for-urvashi-rautela-holi-is-an-intimate-affair/articleshow/74552659.cms,"9 Mar 2020, 17:04",bollywood,TOI
81,https://timesofindia.indiatimes.com/entertainment/hindi/bollywood/news/deepika-padukones-sister-anisha-padukone-on-why-she-chose-sports-over-bollywood-as-a-profession/articleshow/74552615.cms,"9 Mar 2020, 17:09",bollywood,TOI
82,https://timesofindia.indiatimes.com/entertainment/hindi/bollywood/news/priyanka-chopra-and-nick-jonas-just-had-a-lit-and-chill-weekend-with-family-view-photo/articleshow/74552449.cms,"10 Mar 2020, 12:32",bollywood,TOI
83,https://timesofindia.indiatimes.com/entertainment/hindi/bollywood/news/katrina-kaif-defends-rohit-shettys-comment-it-was-taken-out-of-context-and-entirely-misunderstood/articleshow/74552242.cms,"9 Mar 2020, 16:40",bollywood,TOI
84,https://timesofindia.indiatimes.com/entertainment/hindi/bollywood/news/director-homi-adajania-movies-not-be-all-and-end-all-of-my-life/articleshow/74551872.cms,"9 Mar 2020, 16:40",bollywood,TOI
85,https://timesofindia.indiatimes.com/entertainment/hindi/bollywood/news/kiara-advani-its-not-like-the-world-changed-post-metoo/articleshow/74551761.cms,"9 Mar 2020, 17:16",bollywood,TOI
86,https://timesofindia.indiatimes.com/entertainment/hindi/bollywood/news/pictures-that-prove-kartik-aaryan-loves-and-aces-his-signature-pose/articleshow/74551523.cms,"9 Mar 2020, 17:06",bollywood,TOI
87,https://timesofindia.indiatimes.com/entertainment/hindi/bollywood/news/from-candid-clicks-with-aryan-khan-and-abram-to-glamorous-selfies-lets-take-a-look-at-the-best-moments-of-suhana-khan-on-instagram/photostory/74551597.cms,"9 Mar 2020, 16:19",bollywood,TOI
88,https://timesofindia.indiatimes.com/entertainment/hindi/bollywood/news/kiara-advani-wishes-to-work-with-ranveer-singh-calls-him-an-interesting-actor/articleshow/74551324.cms,"9 Mar 2020, 22:47",bollywood,TOI
89,https://timesofindia.indiatimes.com/entertainment/hindi/bollywood/news/when-ranveer-singh-and-deepika-padukone-won-over-social-media-with-their-pda/ranveer-singhs-mushy-comment-on-deepika-padukones-latest-pictures-is-unmissable/photostory/74551142.cms,"9 Mar 2020, 15:37",bollywood,TOI
90,https://timesofindia.indiatimes.com/entertainment/hindi/bollywood/news/bhumi-pednekar-have-been-instinctively-correct-about-roles-ive-chosen/articleshow/74551030.cms,"9 Mar 2020, 17:12",bollywood,TOI
91,https://timesofindia.indiatimes.com/entertainment/hindi/bollywood/news/sara-ali-khan-looks-stunningly-radiant-in-this-epic-selfie-with-fans/articleshow/74550792.cms,"9 Mar 2020, 22:41",bollywood,TOI
92,https://timesofindia.indiatimes.com/entertainment/hindi/bollywood/photo-features/disha-patanis-interesting-instagram-pictures/disha-patani-nails-the-all-black-look-in-this-unseen-photo-from-the-sets/photostory/74550639.cms,"9 Mar 2020, 15:11",bollywood,TOI
93,https://timesofindia.indiatimes.com/entertainment/hindi/bollywood/news/taapsee-pannu-to-learn-kutchi-language-for-rashmi-rocket/articleshow/74550623.cms,"9 Mar 2020, 15:08",bollywood,TOI
94,https://timesofindia.indiatimes.com/entertainment/hindi/bollywood/news/sachin-a-billion-dreams-producer-to-make-film-on-brewsters-millions/articleshow/74550561.cms,"9 Mar 2020, 15:24",bollywood,TOI
95,https://timesofindia.indiatimes.com/entertainment/hindi/bollywood/news/kartik-aaryans-mother-asks-him-to-wear-his-sling-and-it-is-all-things-relatable-watch/articleshow/74550439.cms,"9 Mar 2020, 22:42",bollywood,TOI
96,https://timesofindia.indiatimes.com/entertainment/hindi/bollywood/news/this-is-how-angrezi-medium-director-homi-adjania-shot-with-actor-irrfan-khan-on-the-set/articleshow/74550051.cms,"9 Mar 2020, 14:42",bollywood,TOI
97,https://timesofindia.indiatimes.com/entertainment/hindi/bollywood/news/photos-malaika-arora-grabs-everyones-attention-as-she-steps-out-in-a-vibrant-multi-coloured-athleisure/articleshow/74549693.cms,"9 Mar 2020, 14:26",bollywood,TOI
98,https://timesofindia.indiatimes.com/entertainment/hindi/bollywood/news/angrezi-medium-sanya-malhotra-and-radhika-madan-groove-to-nachan-nu-jee-karda-watch-video/articleshow/74549209.cms,"9 Mar 2020, 13:40",bollywood,TOI
99,https://timesofindia.indiatimes.com/entertainment/hindi/bollywood/news/kareena-kapoor-saif-ali-khan-and-taimur-twin-in-the-same-black-t-shirt-and-we-totally-love-it/articleshow/74548990.cms,"9 Mar 2020, 22:43",bollywood,TOI
100,https://timesofindia.indiatimes.com/entertainment/hindi/bollywood/news/baaghi-3-this-bts-picture-of-tiger-shroff-shraddha-kapoor-and-vijay-varma-from-the-set-is-simply-unmissable/articleshow/74549095.cms,"9 Mar 2020, 13:31",bollywood,TOI
101,https://timesofindia.indiatimes.com/entertainment/hindi/bollywood/news/anubhav-sinha-turns-abusive-over-thappad-bo-report-apologises/articleshow/74549078.cms,"9 Mar 2020, 13:49",bollywood,TOI
102,https://timesofindia.indiatimes.com/entertainment/hindi/bollywood/photo-features/karisma-kapoors-pictures-you-should-not-miss/karisma-kapoor-latest-workout-pictures-will-drive-away-your-monday-blues/photostory/74548929.cms?,"9 Mar 2020, 13:26",bollywood,TOI
103,https://timesofindia.indiatimes.com/entertainment/hindi/bollywood/news/watch-disha-patani-sets-the-temperature-soaring-with-the-bts-video-of-do-you-love-me-song-from-baaghi-3/articleshow/74548848.cms,"9 Mar 2020, 22:46",bollywood,TOI
104,https://timesofindia.indiatimes.com/entertainment/hindi/bollywood/news/rohit-shetty-commercial-films-are-dying/articleshow/74548737.cms,"9 Mar 2020, 13:15",bollywood,TOI
105,https://timesofindia.indiatimes.com/entertainment/hindi/bollywood/news/anupam-kher-success-is-not-what-you-have-achieved/articleshow/74548583.cms,"9 Mar 2020, 13:14",bollywood,TOI
106,https://timesofindia.indiatimes.com/entertainment/hindi/bollywood/news/kareena-kapoor-khan-looking-for-right-script-to-work-with-sister-karisma-kapoor/articleshow/74548454.cms,"9 Mar 2020, 13:06",bollywood,TOI
107,https://timesofindia.indiatimes.com/entertainment/hindi/bollywood/news/this-is-what-ileana-dcruz-says-she-does-when-asked-to-sit-like-a-lady/articleshow/74548359.cms,"9 Mar 2020, 12:55",bollywood,TOI
108,https://timesofindia.indiatimes.com/entertainment/hindi/bollywood/news/exclusive-richa-chaddha-when-i-was-younger-people-would-exploit-me-for-my-work-and-talent/articleshow/74547904.cms,"9 Mar 2020, 12:27",bollywood,TOI
109,https://timesofindia.indiatimes.com/entertainment/hindi/bollywood/news/deepika-padukone-makes-a-meme-of-herself-and-it-is-simply-hilarious-see-pic/articleshow/74547729.cms,"9 Mar 2020, 15:04",bollywood,TOI
110,https://timesofindia.indiatimes.com/entertainment/hindi/bollywood/news/deepika-padukone-spills-the-beans-on-her-holi-plans-with-ranveer-singh-and-reveals-an-embarrassing-egg-memory/articleshow/74547317.cms,"9 Mar 2020, 22:44",bollywood,TOI
111,https://timesofindia.indiatimes.com/entertainment/hindi/bollywood/news/rajkummar-rao-and-bhumi-pednekars-badhaai-ho-2-is-now-badhaai-do-goes-on-floor-in-june/articleshow/74547179.cms,"9 Mar 2020, 11:59",bollywood,TOI
112,https://timesofindia.indiatimes.com/entertainment/hindi/bollywood/news/watch-irrfan-khan-shares-a-glimpse-of-kareena-kapoor-khan-as-a-badass-cop-naina-kohli-in-angrezi-medium/articleshow/74547292.cms,"9 Mar 2020, 11:56",bollywood,TOI
113,https://timesofindia.indiatimes.com/entertainment/hindi/bollywood/news/photos-malaika-arora-and-ananya-panday-wishes-sohail-khans-wife-seema-khan-on-her-birthday/articleshow/74547228.cms,"9 Mar 2020, 11:54",bollywood,TOI
114,https://timesofindia.indiatimes.com/entertainment/hindi/bollywood/news/madhuri-dixit-pens-a-heart-warming-note-on-son-ryans-birthday-and-shares-a-video-of-his-childhood/articleshow/74546980.cms,"9 Mar 2020, 11:39",bollywood,TOI
115,https://timesofindia.indiatimes.com/entertainment/hindi/bollywood/news/kareena-kapoor-khan-opens-up-about-baring-it-all-in-madhur-bhandarkars-heroine/articleshow/74546710.cms,"10 Mar 2020, 12:22",bollywood,TOI
116,https://timesofindia.indiatimes.com/entertainment/hindi/bollywood/news/womens-day-shahid-kapoor-says-just-a-day-to-celebrate-women-is-not-enough/articleshow/74546578.cms,"9 Mar 2020, 11:13",bollywood,TOI
117,https://timesofindia.indiatimes.com/entertainment/hindi/bollywood/news/karan-johar-shares-ananya-panday-and-vijay-deverakondas-picture-says-ready-to-explode-on-screen/articleshow/74546513.cms,"9 Mar 2020, 12:32",bollywood,TOI
118,https://timesofindia.indiatimes.com/entertainment/hindi/bollywood/news/hungama-2-the-new-poster-featuring-shilpa-shetty-kundra-paresh-rawal-meezaan-jafri-and-pranitha-subhash-will-get-you-all-excited-for-the-film/articleshow/74546297.cms,"9 Mar 2020, 10:52",bollywood,TOI
119,https://timesofindia.indiatimes.com/entertainment/hindi/bollywood/news/amitabh-bachchan-cheerfully-poses-with-his-new-ford-vintage-car-and-states-there-are-times-when-you-are-speechless/articleshow/74546139.cms,"9 Mar 2020, 18:51",bollywood,TOI
120,https://timesofindia.indiatimes.com/entertainment/hindi/bollywood/news/writer-farhad-samji-on-reworking-coolie-no-1-script-for-varun-dhawan-sara-ali-khan-film-the-concept-of-love-at-first-sight-is-passe/articleshow/74545677.cms,"9 Mar 2020, 10:30",bollywood,TOI
121,https://timesofindia.indiatimes.com/entertainment/hindi/bollywood/news/photo-ananya-panday-looks-pretty-as-a-peach-as-she-enjoys-a-sunday-brunch-with-parents-and-sister/articleshow/74545854.cms,"9 Mar 2020, 10:21",bollywood,TOI
122,https://timesofindia.indiatimes.com/entertainment/hindi/bollywood/news/sujoy-ghosh-pens-a-heartening-note-as-vidya-balan-starrer-kahaani-clocks-8-years/articleshow/74545500.cms,"9 Mar 2020, 09:57",bollywood,TOI
123,https://timesofindia.indiatimes.com/entertainment/hindi/bollywood/news/priyanka-chopra-avoids-shaking-hands-with-a-man-amidst-coronavirus-outbreak-watch-video/articleshow/74545460.cms,"9 Mar 2020, 09:53",bollywood,TOI
124,https://timesofindia.indiatimes.com/entertainment/hindi/bollywood/news/sooryavanshi-netizens-trend-shame-on-you-rohit-shetty-for-his-comment-that-no-one-will-see-katrina-with-akshay-ajay-and-ranveer-in-the-same-frame/articleshow/74545197.cms,"9 Mar 2020, 09:31",bollywood,TOI
125,https://timesofindia.indiatimes.com/entertainment/hindi/bollywood/news/shah-rukh-khans-daughter-suhana-khan-makers-her-instagran-account-public-heres-a-sneak-peek-of-the-star-kids-social-profile/articleshow/74545060.cms,"9 Mar 2020, 13:48",bollywood,TOI
126,https://timesofindia.indiatimes.com/entertainment/hindi/bollywood/news/akshay-kumar-to-hrithik-roshan-when-actors-used-filmy-t-shirts-for-promotions/photostory/74544511.cms,"9 Mar 2020, 08:58",bollywood,TOI
127,https://timesofindia.indiatimes.com/entertainment/hindi/bollywood/news/baaghi-3-box-office-collection-day-3-tiger-shroffs-action-entertainer-pockets-rs-20-crore-on-sunday-earns-a-total-of-rs-52-crore/articleshow/74544672.cms,"9 Mar 2020, 13:18",bollywood,TOI
128,https://timesofindia.indiatimes.com/entertainment/hindi/bollywood/news/sara-ali-khan-to-sidharth-malhotra-and-janhvi-kapoor-bollywood-actors-who-will-be-seen-in-double-roles/photostory/74544122.cms,"9 Mar 2020, 08:18",bollywood,TOI
129,https://timesofindia.indiatimes.com/entertainment/hindi/bollywood/news/i-am-very-excited-to-be-shooting-in-lucknow-again-kartik-aaryan/articleshow/74538178.cms,"9 Mar 2020, 01:00",bollywood,TOI
130,https://timesofindia.indiatimes.com/entertainment/hindi/bollywood/news/music-maestro-ar-rahman-finds-solace-in-silence/articleshow/74538447.cms,"9 Mar 2020, 01:00",bollywood,TOI
131,https://timesofindia.indiatimes.com/entertainment/hindi/bollywood/news/deepak-dobriyal-angrezi-medium-gave-irrfan-bhai-and-me-the-chance-to-catch-up-on-lost-time-and-conversations/articleshow/74537893.cms,"9 Mar 2020, 01:00",bollywood,TOI
132,https://timesofindia.indiatimes.com/entertainment/hindi/bollywood/news/badhaai-ho-is-back-this-time-as-badhaai-do/articleshow/74539136.cms,"9 Mar 2020, 01:00",bollywood,TOI
133,https://timesofindia.indiatimes.com/entertainment/hindi/bollywood/news/wonder-women-kareena-kapoor-khan-karisma-kapoor-and-mom-babita-pose-for-a-stunning-selfie/articleshow/74541091.cms,"8 Mar 2020, 21:46",bollywood,TOI
134,https://timesofindia.indiatimes.com/entertainment/hindi/bollywood/news/aayush-sharma-joins-salman-khan-in-kabhi-eid-kabhi-diwali/articleshow/74540830.cms,"8 Mar 2020, 21:25",bollywood,TOI
135,https://timesofindia.indiatimes.com/entertainment/hindi/bollywood/news/shruti-haasan-is-making-music-in-london/articleshow/74540351.cms,"8 Mar 2020, 20:41",bollywood,TOI
136,https://timesofindia.indiatimes.com/entertainment/hindi/bollywood/news/guess-this-beach-where-raveena-tandon-is-taking-vitamin-d-shots/articleshow/74540222.cms,"8 Mar 2020, 20:30",bollywood,TOI
137,https://timesofindia.indiatimes.com/entertainment/hindi/bollywood/news/international-womens-day-2020-riteish-deshmukh-promotes-whyjustaday-as-he-says-main-tumhare-bagair-adhura-hoon-to-genelia-dsouza/articleshow/74540287.cms,"8 Mar 2020, 20:29",bollywood,TOI
138,https://timesofindia.indiatimes.com/entertainment/hindi/bollywood/news/cinema-has-played-a-huge-role-in-women-empowerment/articleshow/74540096.cms,"8 Mar 2020, 20:11",bollywood,TOI
139,https://timesofindia.indiatimes.com/entertainment/hindi/bollywood/news/vidyut-jammwal-bikes-away-to-glory-as-he-celebrates-international-womens-day-2020-with-hundreds-of-the-best-species/articleshow/74539683.cms,"8 Mar 2020, 19:36",bollywood,TOI
140,https://timesofindia.indiatimes.com/entertainment/hindi/bollywood/news/bipasha-shares-an-adorable-throwback-picture-with-husband-karan/articleshow/74539600.cms,"8 Mar 2020, 19:24",bollywood,TOI
141,https://timesofindia.indiatimes.com/entertainment/hindi/bollywood/news/nargis-fakhri-nothing-in-my-life-is-a-coincidence/articleshow/74539547.cms,"8 Mar 2020, 19:35",bollywood,TOI
142,https://timesofindia.indiatimes.com/entertainment/hindi/bollywood/news/kareena-makes-it-look-like-acting-comes-naturally-to-her/articleshow/74539455.cms,"8 Mar 2020, 19:12",bollywood,TOI
143,https://timesofindia.indiatimes.com/entertainment/hindi/bollywood/news/exclusive-amyra-dastur-on-international-womens-day-2020-its-a-sad-excuse-to-celebrate-women/articleshow/74539393.cms,"8 Mar 2020, 19:08",bollywood,TOI
144,https://timesofindia.indiatimes.com/entertainment/hindi/bollywood/news/angrezi-medium-song-hopes-to-let-women-be/articleshow/74539337.cms,"8 Mar 2020, 19:03",bollywood,TOI
145,https://timesofindia.indiatimes.com/entertainment/hindi/bollywood/news/meet-the-woman-behind-actor-vikrams-several-looks/articleshow/74538603.cms,"8 Mar 2020, 18:04",bollywood,TOI
146,https://timesofindia.indiatimes.com/entertainment/hindi/bollywood/news/vidyut-jammwal-flaunts-his-new-gift/articleshow/74538462.cms,"8 Mar 2020, 17:56",bollywood,TOI
147,https://timesofindia.indiatimes.com/entertainment/hindi/bollywood/news/akshay-kumar-on-coronavirus-outbreak-it-boils-down-to-maintaining-proper-hygiene/articleshow/74538434.cms,"8 Mar 2020, 17:48",bollywood,TOI
148,https://timesofindia.indiatimes.com/entertainment/hindi/bollywood/news/exclusive-international-womens-day-2020-my-father-never-differentiated-between-my-brother-and-i-says-pooja-hegde/articleshow/74538357.cms,"8 Mar 2020, 17:40",bollywood,TOI
149,https://timesofindia.indiatimes.com/entertainment/hindi/bollywood/news/gully-boy-actor-vijay-varma-is-sucker-for-drama/articleshow/74538296.cms,"8 Mar 2020, 18:47",bollywood,TOI
150,https://timesofindia.indiatimes.com/entertainment/hindi/bollywood/news/kareena-kapoor-khan-irrfan-khan-is-the-reason-i-did-angrezi-medium/articleshow/74538167.cms,"8 Mar 2020, 17:31",bollywood,TOI
151,https://timesofindia.indiatimes.com/entertainment/hindi/bollywood/news/mallika-sherawat-shows-off-her-yoga-moves/articleshow/74538123.cms,"8 Mar 2020, 17:15",bollywood,TOI
152,https://timesofindia.indiatimes.com/entertainment/hindi/bollywood/news/katrina-kaif-says-she-always-aspired-to-be-a-star/articleshow/74537990.cms,"8 Mar 2020, 17:05",bollywood,TOI
153,https://timesofindia.indiatimes.com/entertainment/hindi/bollywood/news/ibrahim-ali-khan-is-a-carbon-copy-of-his-old-man-saif-ali-khan-in-this-latest-picture/articleshow/74537849.cms,"8 Mar 2020, 16:53",bollywood,TOI
154,https://timesofindia.indiatimes.com/entertainment/hindi/bollywood/news/exclusive-international-womens-day-2020-dabangg-3-actress-saiee-manjrekar-says-my-mother-inspires-me-to-be-a-better-person/articleshow/74537444.cms,"8 Mar 2020, 16:20",bollywood,TOI
155,https://timesofindia.indiatimes.com/entertainment/hindi/bollywood/news/akshay-kumar-i-dont-believe-in-any-religion-i-only-believe-in-being-indian/articleshow/74537574.cms,"8 Mar 2020, 16:20",bollywood,TOI
156,https://timesofindia.indiatimes.com/entertainment/hindi/bollywood/news/anushka-sharma-let-the-girl-discover-herself/articleshow/74537376.cms,"8 Mar 2020, 16:09",bollywood,TOI
157,https://timesofindia.indiatimes.com/entertainment/hindi/bollywood/news/coronavirus-outbreak-affects-karan-johars-takht-shoot/articleshow/74537260.cms,"8 Mar 2020, 15:46",bollywood,TOI
158,https://timesofindia.indiatimes.com/entertainment/hindi/bollywood/news/guneet-monga-feels-stories-should-leave-impact-on-audience/articleshow/74537228.cms,"8 Mar 2020, 15:57",bollywood,TOI
159,https://timesofindia.indiatimes.com/entertainment/hindi/bollywood/news/kalki-koechlins-empowering-message-on-international-womens-day-2020-is-all-things-feminist/articleshow/74536756.cms,"9 Mar 2020, 09:57",bollywood,TOI
160,https://timesofindia.indiatimes.com/entertainment/hindi/bollywood/news/raveena-tandon-flags-off-womens-day-rally-in-kolhapur/articleshow/74536747.cms,"8 Mar 2020, 15:39",bollywood,TOI
161,https://timesofindia.indiatimes.com/entertainment/hindi/bollywood/news/taapsee-pannu-hits-out-at-baaghi-3-director-ahmed-khan-as-he-questions-the-concept-of-thappad-in-his-statement-if-i-ever-slap-my-wife-she-can-slap-me-back/articleshow/74536728.cms,"9 Mar 2020, 09:46",bollywood,TOI
162,https://timesofindia.indiatimes.com/entertainment/hindi/bollywood/news/tahira-kashyap-to-launch-her-book-the-12-commandments-of-being-a-woman/articleshow/74536702.cms,"8 Mar 2020, 14:43",bollywood,TOI
163,https://timesofindia.indiatimes.com/entertainment/hindi/bollywood/news/vijay-deverakonda-puri-jagannadh-complete-40-days-of-shoot/articleshow/74536595.cms,"8 Mar 2020, 14:26",bollywood,TOI
164,https://timesofindia.indiatimes.com/entertainment/hindi/bollywood/news/cuteness-alert-taimur-ali-khan-feasts-on-ice-cream-as-kareena-kapoor-khan-shops-for-grocery-view-pics/articleshow/74536356.cms,"8 Mar 2020, 18:34",bollywood,TOI
165,https://timesofindia.indiatimes.com/entertainment/hindi/bollywood/news/ganesh-acharya-shoots-with-kainaat-arora-for-a-song-in-a-comedy-horror-film/articleshow/74536279.cms,"8 Mar 2020, 14:00",bollywood,TOI
166,https://timesofindia.indiatimes.com/entertainment/hindi/bollywood/photo-features/bollywoods-future-star-kids-to-watch-out-for/navya-naveli-nandas-sun-kissed-picture-with-her-girl-gang-is-an-absolute-sunday-treat/photostory/74535779.cms,"8 Mar 2020, 12:58",bollywood,TOI
167,https://timesofindia.indiatimes.com/entertainment/hindi/bollywood/news/international-womens-day-2020-kareena-kapoor-khan-gives-a-shout-out-to-her-mother-babita-calls-her-a-legend/articleshow/74535632.cms,"8 Mar 2020, 17:20",bollywood,TOI
168,https://timesofindia.indiatimes.com/entertainment/hindi/bollywood/news/exclusive-international-womens-day-2020-i-call-my-mom-to-sing-a-special-song-for-her-on-this-day-says-iulia-vantur/articleshow/74534032.cms,"8 Mar 2020, 12:00",bollywood,TOI
169,https://timesofindia.indiatimes.com/entertainment/hindi/bollywood/news/exclusive-international-womens-day-2020-huma-qureshi-says-celebrate-women-with-respect-and-dignity-no-matter-what/articleshow/74514068.cms,"8 Mar 2020, 12:00",bollywood,TOI
170,https://timesofindia.indiatimes.com/entertainment/hindi/bollywood/news/exclusive-kirti-kulhari-on-women-she-looks-up-to-i-have-known-vidya-balan-personally-and-she-really-inspires-me/articleshow/74535273.cms,"8 Mar 2020, 11:57",bollywood,TOI
171,https://timesofindia.indiatimes.com/entertainment/hindi/bollywood/news/exclusive-nushrat-bharucha-on-if-she-woke-up-as-a-man-on-day-i-would-try-to-influence-men-to-understand-women-a-little-more/articleshow/74535069.cms,"9 Mar 2020, 13:34",bollywood,TOI
172,https://timesofindia.indiatimes.com/entertainment/hindi/bollywood/news/neeraj-pandey-a-story-could-be-agnostic-of-storytellers-political-belief/articleshow/74534860.cms,"8 Mar 2020, 11:24",bollywood,TOI
173,https://timesofindia.indiatimes.com/entertainment/hindi/bollywood/news/anushka-sharma-akshay-kumar-tamannaah-root-for-the-indian-womens-cricket-team-as-they-play-the-t20-world-cup-final-against-australia/articleshow/74534803.cms,"8 Mar 2020, 13:58",bollywood,TOI
174,https://timesofindia.indiatimes.com/entertainment/hindi/bollywood/news/randeep-hooda-injured-on-the-set-of-radhe/articleshow/74534729.cms,"8 Mar 2020, 13:39",bollywood,TOI
175,https://timesofindia.indiatimes.com/entertainment/hindi/bollywood/news/international-womens-day-2020-from-katrina-kaif-to-priyanka-chopra-five-times-when-women-did-things-men-are-known-to-do-in-bollywood/articleshow/74532893.cms,"8 Mar 2020, 10:00",bollywood,TOI
176,https://timesofindia.indiatimes.com/entertainment/hindi/bollywood/news/international-womens-day-2020-karan-johar-taapsee-pannu-kiara-advani-and-others-wish-fans-with-inspiring-messages/articleshow/74534159.cms,"8 Mar 2020, 19:54",bollywood,TOI
177,https://timesofindia.indiatimes.com/entertainment/hindi/bollywood/news/this-throwback-photo-of-anushka-sharma-and-virat-kohli-enjoying-a-bike-ride-makes-for-a-happy-memory/articleshow/74534037.cms,"8 Mar 2020, 13:19",bollywood,TOI
178,https://timesofindia.indiatimes.com/entertainment/hindi/bollywood/news/arjun-kapoor-seeks-blessings-at-the-golden-temple-in-amritsar/articleshow/74533913.cms,"8 Mar 2020, 08:56",bollywood,TOI
179,https://timesofindia.indiatimes.com/entertainment/hindi/bollywood/news/ranbir-on-alias-phone-wallpaper-to-kartik-aaryan-undergoing-surgery-here-are-the-newsmakers-of-the-week/photostory/74532348.cms,"8 Mar 2020, 07:30",bollywood,TOI
180,https://timesofindia.indiatimes.com/entertainment/hindi/bollywood/news/men-how-about-celebrating-this-womens-day-by-watching-thappad/articleshow/74526284.cms,"8 Mar 2020, 01:00",bollywood,TOI
181,https://timesofindia.indiatimes.com/entertainment/hindi/bollywood/news/peppy-non-preachy-and-cool-bollywood-anthems-for-the-strong-women-achievers/articleshow/74526767.cms,"8 Mar 2020, 01:00",bollywood,TOI
182,https://timesofindia.indiatimes.com/entertainment/hindi/bollywood/news/exclusive-taapsee-pannu-never-looked-into-the-mirror-and-said-main-madhuri-dixit-banna-chahti-hoon/articleshow/74530408.cms,"7 Mar 2020, 21:54",bollywood,TOI
183,https://timesofindia.indiatimes.com/entertainment/hindi/bollywood/news/hrithik-roshan-ranveer-singh-and-others-react-to-kareena-kapoor-khans-instagram-picture-with-taimur-ali-khan/articleshow/74530680.cms,"7 Mar 2020, 21:52",bollywood,TOI
184,https://timesofindia.indiatimes.com/entertainment/hindi/bollywood/news/kareena-kapoor-khan-shares-a-monochrome-picture-of-saif-ali-khan-and-it-is-all-things-love/articleshow/74529826.cms,"7 Mar 2020, 20:39",bollywood,TOI
185,https://timesofindia.indiatimes.com/entertainment/hindi/bollywood/news/photos-this-is-how-raveena-tandon-celebrated-daughter-rashas-15th-birthday/articleshow/74529709.cms,"7 Mar 2020, 20:29",bollywood,TOI
186,https://timesofindia.indiatimes.com/entertainment/hindi/bollywood/news/deepika-padukones-comment-on-alia-bhatts-holiday-request-post-is-simply-too-sweet-for-words/articleshow/74529452.cms,"7 Mar 2020, 20:08",bollywood,TOI
187,https://timesofindia.indiatimes.com/entertainment/hindi/bollywood/news/kajol-and-nysa-make-for-an-adorable-mother-daughter-duo-in-this-photo/articleshow/74528913.cms,"7 Mar 2020, 19:22",bollywood,TOI
188,https://timesofindia.indiatimes.com/entertainment/hindi/bollywood/news/look-whos-celebrating-anupam-khers-birthday/articleshow/74528646.cms,"7 Mar 2020, 19:01",bollywood,TOI
189,https://timesofindia.indiatimes.com/entertainment/hindi/bollywood/news/salman-khans-bts-picture-from-the-sets-of-radhe-your-most-wanted-bhai-will-get-you-all-excited-for-the-film/articleshow/74528670.cms,"7 Mar 2020, 19:01",bollywood,TOI
190,https://timesofindia.indiatimes.com/entertainment/hindi/bollywood/news/rishi-kapoor-gives-health-update-to-fans-says-he-is-on-a-road-to-recovery/articleshow/74528443.cms,"8 Mar 2020, 15:43",bollywood,TOI
191,https://timesofindia.indiatimes.com/entertainment/hindi/bollywood/news/photos-of-kareena-kapoor-khan-with-her-girls-squad-malaika-arora-karisma-kapoor-amrita-others-are-winning-the-internet/articleshow/74528407.cms,"8 Mar 2020, 13:36",bollywood,TOI
192,https://timesofindia.indiatimes.com/entertainment/hindi/bollywood/news/watch-nick-jonas-cleans-hands-using-priyanka-chopras-dress-actress-asks-who-needs-a-towel/articleshow/74528134.cms,"8 Mar 2020, 11:26",bollywood,TOI
193,https://timesofindia.indiatimes.com/entertainment/hindi/bollywood/news/anil-kapoor-kick-starts-the-prep-for-takht-karan-johar-is-all-praise-for-the-actors-spirit/articleshow/74528073.cms,"7 Mar 2020, 18:14",bollywood,TOI
194,https://timesofindia.indiatimes.com/entertainment/hindi/bollywood/news/angrezi-medium-makers-stick-to-original-release-date-amid-coronavirus-scare/articleshow/74527745.cms,"7 Mar 2020, 17:54",bollywood,TOI
195,https://timesofindia.indiatimes.com/entertainment/hindi/bollywood/news/sridevis-english-vinglish-kangana-ranauts-panga-to-taapsee-pannus-thappad-10-inspiring-movies-to-watch-on-international-womens-day/photostory/74527637.cms,"7 Mar 2020, 17:46",bollywood,TOI
196,https://timesofindia.indiatimes.com/entertainment/hindi/bollywood/news/shubh-mangal-zyada-saavdhan-director-unfazed-by-mixed-response-to-the-film/articleshow/74527543.cms,"7 Mar 2020, 17:33",bollywood,TOI
197,https://timesofindia.indiatimes.com/entertainment/hindi/bollywood/news/watch-salman-khan-playing-with-his-niece-ayat-is-the-sweetest-thing-you-will-see-on-the-internet-today/articleshow/74527529.cms,"8 Mar 2020, 16:48",bollywood,TOI
198,https://timesofindia.indiatimes.com/entertainment/hindi/bollywood/news/exclusive-daisy-shah-shares-an-important-message-for-men-and-women-on-international-womens-day-2020/articleshow/74527501.cms,"7 Mar 2020, 17:52",bollywood,TOI
199,https://timesofindia.indiatimes.com/entertainment/hindi/bollywood/news/watch-diana-penty-shows-her-amazing-moves-on-tum-hi-bandhu-at-the-holi-bash/articleshow/74527382.cms,"7 Mar 2020, 17:17",bollywood,TOI
200,https://timesofindia.indiatimes.com/entertainment/hindi/bollywood/news/malaika-aroras-bare-back-picture-from-her-beach-vacay-will-give-you-major-holiday-goals/articleshow/74527269.cms,"7 Mar 2020, 18:43",bollywood,TOI
201,https://timesofindia.indiatimes.com/entertainment/hindi/bollywood/news/kunal-kemmu-shares-a-welcome-post-for-kareena-kapoor-khan-on-instagram-and-the-actresss-reply-will-leave-you-in-splits/articleshow/74527088.cms,"7 Mar 2020, 16:51",bollywood,TOI
202,https://timesofindia.indiatimes.com/entertainment/hindi/bollywood/news/couple-goals-alert-neetu-kapoor-shares-a-cool-selfie-with-rishi-kapoor/articleshow/74526976.cms,"7 Mar 2020, 16:44",bollywood,TOI
203,https://timesofindia.indiatimes.com/entertainment/hindi/bollywood/news/exclusive-ashwiny-iyer-tiwari-on-international-womens-day-i-want-men-to-respect-women-and-tell-her-i-love-you-everyday/articleshow/74526497.cms,"7 Mar 2020, 16:08",bollywood,TOI
204,https://timesofindia.indiatimes.com/entertainment/hindi/bollywood/news/riteish-deshmukh-strikes-ajay-devgns-famous-pose-atop-two-tanks/articleshow/74526231.cms,"7 Mar 2020, 15:53",bollywood,TOI
205,https://timesofindia.indiatimes.com/entertainment/hindi/bollywood/news/rishi-kapoor-shares-a-short-yet-sweet-note-for-shabana-azmi/articleshow/74526217.cms,"7 Mar 2020, 15:47",bollywood,TOI
206,https://timesofindia.indiatimes.com/entertainment/hindi/bollywood/news/karan-johar-shares-a-throwback-picture-with-bff-shah-rukh-khan-and-its-hilarious-caption-will-leave-you-in-splits/articleshow/74526154.cms,"7 Mar 2020, 15:42",bollywood,TOI
207,https://timesofindia.indiatimes.com/entertainment/hindi/bollywood/news/photos-brother-siddharth-chopras-rumoured-girlfriend-neelam-upadhyaya-poses-with-priyanka-chopra-and-family-in-their-holi-pictures/articleshow/74525732.cms,"8 Mar 2020, 10:58",bollywood,TOI
208,https://timesofindia.indiatimes.com/entertainment/hindi/bollywood/news/sidharth-malhotra-nails-the-art-of-layering/articleshow/74525424.cms,"7 Mar 2020, 14:46",bollywood,TOI
209,https://timesofindia.indiatimes.com/entertainment/hindi/bollywood/news/ayushmann-khurrana-looks-dashing-in-a-black-sequined-coat/articleshow/74525354.cms,"7 Mar 2020, 14:37",bollywood,TOI
210,https://timesofindia.indiatimes.com/entertainment/hindi/bollywood/news/exclusive-jacqueline-fernandez-on-the-women-who-changed-her-life-sonam-really-stands-by-women-and-is-an-inspiration/articleshow/74525333.cms,"7 Mar 2020, 14:53",bollywood,TOI
211,https://timesofindia.indiatimes.com/entertainment/hindi/bollywood/news/chandan-roy-sanyal-i-want-to-play-joaquin-phoenixs-joker/articleshow/74525254.cms,"7 Mar 2020, 14:51",bollywood,TOI
212,https://timesofindia.indiatimes.com/entertainment/hindi/bollywood/news/akshay-kumar-owns-rs-5-crore-villa-in-goa/articleshow/74525089.cms,"7 Mar 2020, 14:26",bollywood,TOI
213,https://timesofindia.indiatimes.com/entertainment/hindi/bollywood/news/sanjay-mishras-heartfelt-note-for-shah-rukh-khan-paints-a-beautiful-picture-of-bollywood-relations/articleshow/74524922.cms,"7 Mar 2020, 14:01",bollywood,TOI
214,https://timesofindia.indiatimes.com/entertainment/hindi/bollywood/news/patralekhaa-women-give-birth-so-they-should-be-celebrated-a-bit-more/articleshow/74524863.cms,"7 Mar 2020, 14:16",bollywood,TOI
215,https://timesofindia.indiatimes.com/entertainment/hindi/bollywood/news/sunit-morarjee-tiger-shroff-a-hardworking-sincere-actor/articleshow/74524770.cms,"7 Mar 2020, 13:52",bollywood,TOI
216,https://timesofindia.indiatimes.com/entertainment/hindi/bollywood/news/katrina-kaif-i-dont-believe-in-ego/articleshow/74524649.cms,"7 Mar 2020, 13:39",bollywood,TOI
217,https://timesofindia.indiatimes.com/entertainment/hindi/bollywood/news/shruti-hassan-working-on-craft-more-important-than-finding-space-in-bwood/articleshow/74524549.cms,"7 Mar 2020, 13:30",bollywood,TOI
218,https://timesofindia.indiatimes.com/entertainment/hindi/bollywood/news/ranveer-singh-shares-team-indias-iconic-world-cup-winning-moment-in-new-83-still-and-his-resemblance-to-kapil-dev-is-uncanny/articleshow/74524404.cms,"7 Mar 2020, 13:29",bollywood,TOI
219,https://timesofindia.indiatimes.com/entertainment/hindi/bollywood/news/taimur-ali-khan-makes-his-debut-on-kareena-kapoor-khans-instagram/articleshow/74524180.cms,"7 Mar 2020, 12:51",bollywood,TOI
220,https://timesofindia.indiatimes.com/entertainment/hindi/bollywood/news/rohit-shetty-akshay-kumars-involvement-took-the-action-a-few-notches-higher/articleshow/74524173.cms,"7 Mar 2020, 12:49",bollywood,TOI
221,https://timesofindia.indiatimes.com/entertainment/hindi/bollywood/news/did-ali-fazal-pop-the-question-to-richa-chadha-with-this-stunning-engagement-ring/articleshow/74523974.cms,"7 Mar 2020, 16:25",bollywood,TOI
222,https://timesofindia.indiatimes.com/entertainment/hindi/bollywood/news/sunny-leone-gives-us-a-look-at-all-the-hard-work-that-goes-into-getting-her-enviable-physique/articleshow/74523707.cms,"7 Mar 2020, 12:21",bollywood,TOI
223,https://timesofindia.indiatimes.com/entertainment/hindi/bollywood/news/kareena-kapoor-khan-i-have-not-been-offered-a-film-with-karisma-yet/articleshow/74523671.cms,"7 Mar 2020, 12:15",bollywood,TOI
224,https://timesofindia.indiatimes.com/entertainment/hindi/bollywood/news/rahul-dev-on-relationship-with-mugdha-godse-if-youre-happy-age-gap-shouldnt-be-an-issue/articleshow/74522973.cms,"7 Mar 2020, 12:10",bollywood,TOI
225,https://timesofindia.indiatimes.com/entertainment/hindi/bollywood/news/kareena-kapoor-khan-rishi-uncle-is-doing-much-better/articleshow/74523378.cms,"7 Mar 2020, 12:09",bollywood,TOI
226,https://timesofindia.indiatimes.com/entertainment/hindi/bollywood/news/watch-ranveer-singh-turns-into-a-live-wire-as-he-dances-on-mera-wala-dance-from-simmba/articleshow/74523385.cms,"8 Mar 2020, 11:11",bollywood,TOI
227,https://timesofindia.indiatimes.com/entertainment/hindi/bollywood/news/watch-nick-jonas-accidentally-films-katrina-kaif-and-vicky-kaushal-dancing-together-at-ambanis-holi-bash/articleshow/74523166.cms,"7 Mar 2020, 13:10",bollywood,TOI
228,https://timesofindia.indiatimes.com/entertainment/hindi/bollywood/news/ananya-panday-wishes-janhvi-kapoor-on-her-birthday-with-an-epic-throwback-photo/articleshow/74522900.cms,"7 Mar 2020, 11:11",bollywood,TOI
229,https://timesofindia.indiatimes.com/entertainment/hindi/bollywood/news/akshay-kumar-i-can-do-action-for-5-years-then-my-age-will-tell-me-back-off/articleshow/74522451.cms,"7 Mar 2020, 11:09",bollywood,TOI
230,https://timesofindia.indiatimes.com/entertainment/hindi/bollywood/news/alia-bhatt-shares-her-idea-of-her-perfect-getaway-as-she-shares-a-stunning-sun-kissed-photo/articleshow/74522609.cms,"7 Mar 2020, 12:33",bollywood,TOI
231,https://timesofindia.indiatimes.com/entertainment/hindi/bollywood/news/nick-jonas-shares-an-endearing-post-for-wife-priyanka-chopra-says-she-makes-me-smile-a-lot/articleshow/74521813.cms,"7 Mar 2020, 11:45",bollywood,TOI
232,https://timesofindia.indiatimes.com/entertainment/hindi/bollywood/news/pankaj-kapur-we-are-50-per-cent-through-shooting-for-jersey/articleshow/74512603.cms,"7 Mar 2020, 09:00",bollywood,TOI
233,https://timesofindia.indiatimes.com/entertainment/hindi/bollywood/news/kangana-ranaut-in-thalaivi-to-vidya-balan-in-shakuntala-devi-b-town-ladies-who-will-play-real-life-icons-on-screen/photostory/74510698.cms,"7 Mar 2020, 08:00",bollywood,TOI
234,https://timesofindia.indiatimes.com/entertainment/hindi/bollywood/news/viral-posts-of-the-week-from-kareena-kapoor-khan-to-ranveer-singh-here-are-b-townies-who-sent-social-media-into-a-frenzy/articleshow/74516640.cms,"7 Mar 2020, 07:30",bollywood,TOI
235,https://timesofindia.indiatimes.com/entertainment/hindi/bollywood/news/vicky-kaushal-and-his-rumoured-girlfriend-katrina-kaif-enjoy-at-isha-ambanis-holi-bash-watch-the-videos-here/articleshow/74520730.cms,"7 Mar 2020, 13:11",bollywood,TOI
236,https://timesofindia.indiatimes.com/entertainment/hindi/bollywood/news/these-pictures-of-nick-jonas-and-priyanka-chopra-from-ambanis-holi-bash-are-taking-over-the-internet-by-storm/articleshow/74520717.cms,"7 Mar 2020, 13:11",bollywood,TOI
237,https://timesofindia.indiatimes.com/entertainment/hindi/bollywood/news/sameera-reddy-talks-about-her-post-partum-depression-says-felt-disconnected-with-my-son-hans-when-he-was-born/articleshow/74520699.cms,"7 Mar 2020, 03:57",bollywood,TOI
238,https://timesofindia.indiatimes.com/entertainment/hindi/bollywood/news/photos-varun-dhawan-is-all-smiles-as-he-gets-snapped-outside-his-gym/articleshow/74520679.cms,"7 Mar 2020, 03:07",bollywood,TOI
239,https://timesofindia.indiatimes.com/entertainment/hindi/bollywood/news/university-in-amritsar-honours-pankaj-kapur-with-a-doctorate-degree-details-inside/articleshow/74511815.cms,"7 Mar 2020, 01:00",bollywood,TOI
240,https://timesofindia.indiatimes.com/entertainment/hindi/bollywood/news/tabu-reaches-lucknow-to-start-shooting-for-bhool-bhulaiyaa-2/articleshow/74513580.cms,"7 Mar 2020, 01:00",bollywood,TOI
241,https://timesofindia.indiatimes.com/entertainment/hindi/bollywood/news/disha-patani-reviews-her-rumoured-beau-tiger-shroffs-baaghi-3-calls-it-as-the-best-action-film-ever/articleshow/74519844.cms,"7 Mar 2020, 00:20",bollywood,TOI
242,https://timesofindia.indiatimes.com/entertainment/hindi/bollywood/news/janhvi-kapoor-sweetly-refuses-to-eat-her-birthday-cake-offered-by-paparazzi-says-she-is-dieting/articleshow/74519105.cms,"6 Mar 2020, 23:15",bollywood,TOI
243,https://timesofindia.indiatimes.com/entertainment/hindi/bollywood/news/photos-priyanka-chopra-nick-jonas-katrina-kaif-vicky-kaushal-and-more-attend-isha-ambani-piramals-holi-bash/articleshow/74517831.cms,"6 Mar 2020, 22:10",bollywood,TOI
244,https://timesofindia.indiatimes.com/entertainment/hindi/bollywood/news/photos-vicky-kaushal-and-rumoured-girlfriend-katrina-kaif-twin-in-white-as-they-arrive-at-isha-ambani-piramals-holi-bash/articleshow/74517118.cms,"6 Mar 2020, 21:07",bollywood,TOI
245,https://timesofindia.indiatimes.com/entertainment/hindi/bollywood/news/thappad-un-women-india-to-host-a-special-screening-of-taapsee-pannus-hard-hitting-tale/articleshow/74516796.cms,"6 Mar 2020, 20:47",bollywood,TOI
246,https://timesofindia.indiatimes.com/entertainment/hindi/bollywood/news/baaghi-3-we-wanted-to-give-viewers-as-real-and-powerful-a-visual-as-is-possible-says-tiger-shroff/articleshow/74516582.cms,"6 Mar 2020, 20:32",bollywood,TOI
247,https://timesofindia.indiatimes.com/entertainment/hindi/bollywood/news/photos-priyanka-chopra-and-nick-jonas-are-full-of-desi-swag-as-they-arrive-for-isha-ambanis-holi-party/articleshow/74516432.cms,"6 Mar 2020, 20:23",bollywood,TOI
248,https://timesofindia.indiatimes.com/entertainment/hindi/bollywood/news/tiger-shroff-and-shraddha-kapoor-put-their-best-fashion-foot-forward-during-the-promotions-of-baaghi-3/photostory/74515899.cms,"6 Mar 2020, 19:58",bollywood,TOI
249,https://timesofindia.indiatimes.com/entertainment/hindi/bollywood/news/taapsee-pannu-to-start-shooting-for-rashmi-rocket-from-this-date/articleshow/74514852.cms,"6 Mar 2020, 18:36",bollywood,TOI
250,https://timesofindia.indiatimes.com/entertainment/hindi/bollywood/news/exclusive-tiger-shroff-and-shraddha-kapoor-on-cbfc-chopping-some-dialogues-and-disha-patanis-body-shots-from-baaghi-3/articleshow/74514656.cms,"6 Mar 2020, 18:26",bollywood,TOI
251,https://timesofindia.indiatimes.com/entertainment/hindi/bollywood/news/rakul-twists-and-turns-in-style/articleshow/74514603.cms,"6 Mar 2020, 18:23",bollywood,TOI
252,https://timesofindia.indiatimes.com/entertainment/hindi/bollywood/news/janhvi-kapoor-turns-23-the-actress-celebrates-her-birthday-with-paparazzi/articleshow/74514400.cms,"6 Mar 2020, 22:41",bollywood,TOI
253,https://timesofindia.indiatimes.com/entertainment/hindi/bollywood/news/priyanka-chopras-brother-siddharth-neelam-upadhyaya-spark-engagement-rumours-read-deets/articleshow/74514148.cms,"8 Mar 2020, 10:59",bollywood,TOI
254,https://timesofindia.indiatimes.com/entertainment/hindi/bollywood/news/amitabh-bachchan-abhishek-bachchan-seen-twinning/articleshow/74514004.cms,"6 Mar 2020, 17:55",bollywood,TOI
255,https://timesofindia.indiatimes.com/entertainment/hindi/bollywood/news/rajkummar-rao-gives-special-chhalaang-best-wishes-to-students-taking-exams/articleshow/74513870.cms,"6 Mar 2020, 17:48",bollywood,TOI
256,https://timesofindia.indiatimes.com/entertainment/hindi/bollywood/news/photos-deepika-padukone-proves-that-she-is-the-ultimate-fashionista-of-bollywood-as-she-stuns-in-a-completely-black-look/articleshow/74513494.cms,"6 Mar 2020, 17:26",bollywood,TOI
257,https://timesofindia.indiatimes.com/entertainment/hindi/bollywood/news/janhvi-kapoors-five-adorable-pictures-with-mom-sridevi/articleshow/74513439.cms,"6 Mar 2020, 17:49",bollywood,TOI
258,https://timesofindia.indiatimes.com/entertainment/hindi/bollywood/news/kartik-aaryan-connects-janhvi-kapoors-birthday-wish-with-coronavirus-and-it-is-hilarious/articleshow/74513394.cms,"6 Mar 2020, 17:32",bollywood,TOI
259,https://timesofindia.indiatimes.com/entertainment/hindi/bollywood/photo-features/celebs-instagram-pics-you-should-not-miss/urvashi-rautela-is-taking-the-internet-by-storm-with-her-latest-instagram-post/photostory/74512779.cms,"6 Mar 2020, 17:03",bollywood,TOI
260,https://timesofindia.indiatimes.com/entertainment/hindi/bollywood/news/watch-katrina-kaifs-bts-video-from-sooryavanshi-sets-proves-akshay-kumar-is-one-tough-team-captain-even-when-playing-dog-and-the-bone/articleshow/74512703.cms,"6 Mar 2020, 22:50",bollywood,TOI
261,https://timesofindia.indiatimes.com/entertainment/hindi/bollywood/news/irrfan-khan-on-life-and-cinema-i-wont-jump-but-ill-stroll/articleshow/74512484.cms,"6 Mar 2020, 18:25",bollywood,TOI
262,https://timesofindia.indiatimes.com/entertainment/hindi/bollywood/news/alia-bhatts-raazi-to-kangana-ranauts-manikarnika-and-sonam-kapoors-neerja-bollywoods-highest-grossing-female-centric-films/photostory/74512434.cms,"6 Mar 2020, 22:14",bollywood,TOI
263,https://timesofindia.indiatimes.com/entertainment/hindi/bollywood/news/photos-shahid-kapoor-and-mira-rajput-give-major-couple-goals-as-they-hit-the-gym-together/articleshow/74512331.cms,"6 Mar 2020, 22:53",bollywood,TOI
264,https://timesofindia.indiatimes.com/entertainment/hindi/bollywood/news/kareena-kapoor-khan-reveals-playing-poo-in-kabhi-khushi-kabhie-gham-was-difficult/articleshow/74512289.cms,"6 Mar 2020, 16:41",bollywood,TOI
265,https://timesofindia.indiatimes.com/entertainment/hindi/bollywood/news/thappad-director-anubhav-sinha-ill-keep-venting-my-anger-through-my-films/articleshow/74512191.cms,"6 Mar 2020, 18:23",bollywood,TOI
266,https://timesofindia.indiatimes.com/entertainment/hindi/bollywood/news/lara-dutta-hunger-and-curiosity-have-kept-me-going/articleshow/74511974.cms,"6 Mar 2020, 18:17",bollywood,TOI
267,https://timesofindia.indiatimes.com/entertainment/hindi/bollywood/news/nupur-sanon-goes-unplugged-with-filhall/articleshow/74511737.cms,"6 Mar 2020, 16:24",bollywood,TOI
268,https://timesofindia.indiatimes.com/entertainment/hindi/bollywood/news/instagram-star-shobhita-rana-to-debut-in-bollywood-with-ram-rajya/articleshow/74511360.cms,"6 Mar 2020, 16:13",bollywood,TOI
269,https://timesofindia.indiatimes.com/entertainment/hindi/bollywood/news/coronavirus-outbreak-arjun-rampal-advises-fans-not-to-leave-home-without-a-mask-and-to-avoid-crowded-places/articleshow/74509698.cms,"7 Mar 2020, 13:35",bollywood,TOI
270,https://timesofindia.indiatimes.com/entertainment/hindi/bollywood/photo-features/celebs-instagram-pics-you-should-not-miss/photo-anushka-sharma-is-a-vision-in-white-as-she-stunningly-poses-for-the-camera/photostory/74509483.cms?,"6 Mar 2020, 15:00",bollywood,TOI
271,https://timesofindia.indiatimes.com/entertainment/hindi/bollywood/news/akshay-kumar-adds-pole-dancing-to-his-regular-fitness-routine/articleshow/74509319.cms,"6 Mar 2020, 14:50",bollywood,TOI
272,https://timesofindia.indiatimes.com/entertainment/hindi/bollywood/news/radhika-madan-relives-her-school-days-for-angrezi-medium/articleshow/74509125.cms,"6 Mar 2020, 14:47",bollywood,TOI
273,https://timesofindia.indiatimes.com/entertainment/hindi/bollywood/news/happy-birthday-janhvi-kapoor-sonam-kapoor-to-manish-malhotra-b-town-celebs-pour-in-wishes-for-the-dhadak-actress/articleshow/74509167.cms,"6 Mar 2020, 15:05",bollywood,TOI
274,https://timesofindia.indiatimes.com/entertainment/hindi/bollywood/news/baaghi-3-twitter-review-fan-calls-tiger-shroff-shraddha-kapoors-action-drama-full-entertainment-package/articleshow/74508971.cms,"6 Mar 2020, 14:27",bollywood,TOI
275,https://timesofindia.indiatimes.com/entertainment/hindi/bollywood/news/from-gunjan-saxena-to-takht-here-is-a-list-of-birthday-girl-janhvi-kapoors-upcoming-films/photostory/74508934.cms,"6 Mar 2020, 14:29",bollywood,TOI
276,https://timesofindia.indiatimes.com/entertainment/hindi/bollywood/news/kajol-give-me-three-scenes-i-can-create-a-magic/articleshow/74508884.cms,"6 Mar 2020, 15:38",bollywood,TOI
277,https://timesofindia.indiatimes.com/entertainment/hindi/bollywood/news/karan-johar-karisma-kapoor-amrita-arora-and-others-welcome-kareena-kapoor-khan-on-instagram/articleshow/74508569.cms,"6 Mar 2020, 14:27",bollywood,TOI
278,https://timesofindia.indiatimes.com/entertainment/hindi/bollywood/news/kareena-kapoor-joins-instagram-five-things-we-want-the-begum-to-do-on-social-media/articleshow/74508562.cms,"6 Mar 2020, 14:03",bollywood,TOI
279,https://timesofindia.indiatimes.com/entertainment/hindi/bollywood/news/photos-shah-rukh-khans-daughter-suhana-khan-is-having-a-blast-in-nyc-with-her-girl-gang/articleshow/74508132.cms,"6 Mar 2020, 13:55",bollywood,TOI
280,https://timesofindia.indiatimes.com/entertainment/hindi/bollywood/news/urvashi-rautela-cancels-event-in-greece-due-to-covid-19/articleshow/74508261.cms,"6 Mar 2020, 14:21",bollywood,TOI
281,https://timesofindia.indiatimes.com/entertainment/hindi/bollywood/news/shah-rukh-khan-kaamyaab-a-small-film-with-a-big-heart/articleshow/74508142.cms,"6 Mar 2020, 13:44",bollywood,TOI
282,https://timesofindia.indiatimes.com/entertainment/hindi/bollywood/news/amy-jackson-shares-a-funny-trivia-about-her-son-andreas/articleshow/74507485.cms,"6 Mar 2020, 13:08",bollywood,TOI
283,https://timesofindia.indiatimes.com/entertainment/hindi/bollywood/news/kareena-kapoor-khan-finally-makes-her-instagram-debut-fans-welcome-her-with-open-arms-say-welcome-begum-of-bollywood/articleshow/74506985.cms,"6 Mar 2020, 13:46",bollywood,TOI
284,https://timesofindia.indiatimes.com/entertainment/hindi/bollywood/news/did-you-notice-kareena-kapoor-khans-instagram-profile-picture/articleshow/74506709.cms,"6 Mar 2020, 12:35",bollywood,TOI
285,https://timesofindia.indiatimes.com/entertainment/hindi/bollywood/news/ananya-panday-and-bhavana-pandey-are-all-praise-for-rysa-as-she-croons-a-song-at-the-stage-watch-video/articleshow/74506515.cms,"6 Mar 2020, 12:14",bollywood,TOI
286,https://timesofindia.indiatimes.com/entertainment/hindi/bollywood/news/director-hansal-mehta-stumbles-upon-a-strange-connection-between-2017-comic-book-asterix-and-coronavirus/articleshow/74506487.cms,"6 Mar 2020, 12:07",bollywood,TOI
287,https://timesofindia.indiatimes.com/entertainment/hindi/bollywood/news/hello-instagram-announces-kareena-kapoor-khan-as-she-debuts-on-social-media-with-450k-followers/articleshow/74506380.cms,"6 Mar 2020, 13:44",bollywood,TOI
288,https://timesofindia.indiatimes.com/entertainment/hindi/bollywood/news/baaghi-3-ayesha-shroff-pens-a-heartfelt-note-for-her-son-tiger-shroff-as-his-film-hits-the-theatres-today/articleshow/74506155.cms,"6 Mar 2020, 11:48",bollywood,TOI
289,https://timesofindia.indiatimes.com/entertainment/hindi/bollywood/news/tiger-shroffs-baaghi-3-beats-ajay-devgns-tanhaji-the-unsung-warrior-to-register-a-remarkable-start-at-the-box-office-read-details/articleshow/74505955.cms,"6 Mar 2020, 11:38",bollywood,TOI
290,https://timesofindia.indiatimes.com/entertainment/hindi/bollywood/news/congratulations-dad-dr-pankaj-kapur-shahid-kapoor-mira-rajput-shower-love-on-the-veteran-actor-as-he-earns-a-doctorate/articleshow/74505814.cms,"6 Mar 2020, 11:30",bollywood,TOI
291,https://timesofindia.indiatimes.com/entertainment/hindi/bollywood/photo-features/bollywoods-bffs/have-you-seen-this-unseen-photo-of-kareena-kapoor-khan-and-rhea-from-sonam-kapoors-wedding/photostory/74505656.cms,"6 Mar 2020, 11:22",bollywood,TOI
292,https://timesofindia.indiatimes.com/entertainment/hindi/bollywood/news/5-women-filmmakers-who-represent-unique-new-age-voices-in-cinema/articleshow/74505089.cms,"6 Mar 2020, 10:58",bollywood,TOI
293,https://timesofindia.indiatimes.com/entertainment/hindi/bollywood/news/heres-how-kajol-tricked-the-paparazzi/articleshow/74505175.cms,"6 Mar 2020, 10:49",bollywood,TOI
294,https://timesofindia.indiatimes.com/entertainment/hindi/bollywood/news/radhika-madan-irrfan-khan-sir-gave-his-200-per-cent-on-set/articleshow/74504947.cms,"6 Mar 2020, 10:43",bollywood,TOI
295,https://timesofindia.indiatimes.com/entertainment/hindi/bollywood/news/kareena-kapoor-khan-to-make-her-instagram-debut-today/articleshow/74504876.cms,"6 Mar 2020, 10:28",bollywood,TOI
296,https://timesofindia.indiatimes.com/entertainment/hindi/bollywood/news/janhvi-kapoor-on-her-birthday-mom-would-make-me-feel-pampered/articleshow/74504847.cms,"6 Mar 2020, 10:25",bollywood,TOI
297,https://timesofindia.indiatimes.com/entertainment/hindi/bollywood/news/taapsee-pannu-to-start-shooting-for-rashmi-rocket-on-march-26-in-mumabi/articleshow/74504737.cms,"6 Mar 2020, 10:17",bollywood,TOI
298,https://timesofindia.indiatimes.com/entertainment/hindi/bollywood/news/photos-amitabh-bachchan-pulls-off-some-unusual-poses-for-the-camera/articleshow/74504593.cms,"6 Mar 2020, 10:08",bollywood,TOI
299,https://timesofindia.indiatimes.com/entertainment/hindi/bollywood/news/tiger-shroffs-baaghi-3-leaked-online-as-film-releases-in-theatres-today/articleshow/74504623.cms,"6 Mar 2020, 10:46",bollywood,TOI
300,https://timesofindia.indiatimes.com/entertainment/hindi/bollywood/news/priyanka-chopra-and-nick-jonas-are-all-smiles-as-they-pose-with-a-fan-after-their-arrival-in-mumbai/articleshow/74504330.cms,"6 Mar 2020, 22:52",bollywood,TOI
301,https://timesofindia.indiatimes.com/entertainment/hindi/bollywood/news/happy-birthday-janhvi-kapoor-these-adorable-pictures-of-the-dhadak-actress-will-take-you-down-the-memory-lane/photostory/74503358.cms,"6 Mar 2020, 07:59",bollywood,TOI
302,https://timesofindia.indiatimes.com/entertainment/hindi/bollywood/news/janhvi-kapoors-love-for-fitness-hits-the-gym-even-with-her-bruised-arm/articleshow/74502729.cms,"6 Mar 2020, 22:53",bollywood,TOI
303,https://timesofindia.indiatimes.com/entertainment/hindi/bollywood/news/happy-birthday-janhvi-kapoor-fans-pour-wishes-for-the-actress-over-social-media/articleshow/74502569.cms,"6 Mar 2020, 14:07",bollywood,TOI
304,https://timesofindia.indiatimes.com/entertainment/hindi/bollywood/news/photos-amidst-coronavirus-outbreak-kriti-sanon-gets-snapped-wearing-a-mask-at-the-airport-as-she-returns-to-mumbai/articleshow/74502344.cms,"6 Mar 2020, 11:35",bollywood,TOI
305,https://timesofindia.indiatimes.com/entertainment/hindi/bollywood/news/disha-patanis-messy-hair-look-will-make-you-fall-in-love-with-her-view-pictures/articleshow/74502285.cms,"6 Mar 2020, 11:44",bollywood,TOI
306,https://timesofindia.indiatimes.com/entertainment/hindi/bollywood/news/photos-janhvi-kapoor-arrives-at-arjun-kapoors-house-for-her-birthday-celebration/articleshow/74502263.cms,"6 Mar 2020, 02:19",bollywood,TOI
307,https://timesofindia.indiatimes.com/entertainment/hindi/bollywood/news/katrina-kaif-and-amy-jackson-sport-the-same-black-corset-dress/articleshow/74500604.cms,"6 Mar 2020, 12:25",bollywood,TOI
308,https://timesofindia.indiatimes.com/entertainment/hindi/bollywood/news/atrangi-re-goes-on-floor-at-kashi-railway-station/articleshow/74494494.cms,"6 Mar 2020, 01:00",bollywood,TOI
309,https://timesofindia.indiatimes.com/entertainment/hindi/bollywood/news/hd-trolls-shaming-sara-ali-khan-for-wearing-a-bikini-with-ibrahim-khan-need-to-get-their-brain-checked/articleshow/74500961.cms,"6 Mar 2020, 12:56",bollywood,TOI
310,https://timesofindia.indiatimes.com/entertainment/hindi/bollywood/news/karsima-kapoor-checks-in-style/articleshow/74500290.cms,"5 Mar 2020, 23:11",bollywood,TOI
311,https://timesofindia.indiatimes.com/entertainment/hindi/bollywood/news/why-are-netizens-rofling-over-rakul-preets-workout-video/articleshow/74500192.cms,"5 Mar 2020, 23:04",bollywood,TOI
312,https://timesofindia.indiatimes.com/entertainment/hindi/bollywood/news/photos-varun-dhawan-disha-patani-genelia-dsouza-and-other-bollywood-celebs-attend-the-screening-of-tiger-shroff-and-shraddha-kapoors-baaghi-3/articleshow/74499398.cms,"6 Mar 2020, 02:25",bollywood,TOI
313,https://timesofindia.indiatimes.com/entertainment/hindi/bollywood/news/tiger-shroff-unveils-a-huge-poster-of-baaghi-3-on-the-streets-of-mumbai-in-style/articleshow/74498966.cms,"5 Mar 2020, 21:38",bollywood,TOI
314,https://timesofindia.indiatimes.com/entertainment/hindi/bollywood/news/shekhar-kapur-vs-suchitra-krishnamoorthi-property-case-daughter-kaveri-opens-up/articleshow/74498650.cms,"7 Mar 2020, 09:39",bollywood,TOI
315,https://timesofindia.indiatimes.com/entertainment/hindi/bollywood/news/thappad-finding-resonance-with-taapsee-pannus-film-rajasthan-police-spreads-awareness-shares-the-helpline-number/articleshow/74497158.cms,"5 Mar 2020, 19:41",bollywood,TOI
316,https://timesofindia.indiatimes.com/entertainment/hindi/bollywood/news/kaamyaab-makers-shares-a-bts-of-sanjay-mishras-prosthetic-transformation-to-become-sudheer/articleshow/74496973.cms,"5 Mar 2020, 19:26",bollywood,TOI
317,https://timesofindia.indiatimes.com/entertainment/hindi/bollywood/news/bhumi-pednekar-and-konkana-sensharma-starrer-dolly-kitty-aur-woh-chamakte-sitare-to-be-screened-at-glasgow-film-festival-2020-on-international-womens-day/articleshow/74496814.cms,"5 Mar 2020, 19:15",bollywood,TOI
318,https://timesofindia.indiatimes.com/entertainment/hindi/bollywood/news/karan-johar-launches-trailer-of-rohena-geras-cannes-critics-week-winning-film-is-love-enough-sir/articleshow/74496658.cms,"5 Mar 2020, 19:04",bollywood,TOI
319,https://timesofindia.indiatimes.com/entertainment/hindi/bollywood/news/sonali-bendre-shares-a-stunning-photo-on-social-media/articleshow/74496382.cms,"5 Mar 2020, 18:49",bollywood,TOI
320,https://timesofindia.indiatimes.com/entertainment/hindi/bollywood/news/baaghi-3-ahead-of-the-releasetiger-shroff-shares-the-making-video-of-the-action-film/articleshow/74496077.cms,"5 Mar 2020, 18:38",bollywood,TOI
321,https://timesofindia.indiatimes.com/entertainment/hindi/bollywood/news/tiger-shroff-shot-for-baaghi-3-despite-some-hurdles/articleshow/74496050.cms,"5 Mar 2020, 18:40",bollywood,TOI
322,https://timesofindia.indiatimes.com/entertainment/hindi/bollywood/news/coronavirus-scare-stars-filmmakers-spread-awareness-and-warn-against-rumours/articleshow/74495669.cms,"5 Mar 2020, 18:44",bollywood,TOI
323,https://timesofindia.indiatimes.com/entertainment/hindi/bollywood/news/kajols-unmissable-carfie-is-winning-over-the-internet/articleshow/74495540.cms,"5 Mar 2020, 18:06",bollywood,TOI
324,https://timesofindia.indiatimes.com/entertainment/hindi/bollywood/news/aanand-l-rai-i-dont-doubt-creative-people/articleshow/74495274.cms,"5 Mar 2020, 18:19",bollywood,TOI
325,https://timesofindia.indiatimes.com/entertainment/hindi/bollywood/news/jacqueline-fernandez-talks-about-what-fitness-means-to-her/articleshow/74495185.cms,"5 Mar 2020, 17:48",bollywood,TOI
326,https://timesofindia.indiatimes.com/entertainment/hindi/bollywood/news/sonam-kapoor-gives-best-wishes-to-her-soulmate-rhea-kapoor-on-her-birthday/articleshow/74494988.cms,"5 Mar 2020, 17:51",bollywood,TOI
327,https://timesofindia.indiatimes.com/entertainment/hindi/bollywood/news/sara-ali-khan-i-dont-look-at-myself-as-a-star/articleshow/74494710.cms,"5 Mar 2020, 18:17",bollywood,TOI
328,https://timesofindia.indiatimes.com/entertainment/hindi/bollywood/news/anushka-shara-and-taapsee-pannu-cheer-for-women-in-blue-as-they-enter-t20-world-cup-final/articleshow/74494510.cms,"5 Mar 2020, 23:55",bollywood,TOI
329,https://timesofindia.indiatimes.com/entertainment/hindi/bollywood/news/salman-khan-to-produce-three-part-franchise-inspired-by-indiana-jones-series-find-out/articleshow/74494239.cms,"5 Mar 2020, 17:08",bollywood,TOI
330,https://timesofindia.indiatimes.com/entertainment/hindi/bollywood/news/kriti-sanon-wraps-up-mimi/articleshow/74494062.cms,"6 Mar 2020, 10:36",bollywood,TOI
331,https://timesofindia.indiatimes.com/entertainment/hindi/bollywood/news/case-filed-against-javed-akhtar-in-bihar-court-for-his-remarks-on-delhi-riots/articleshow/74493917.cms,"5 Mar 2020, 23:36",bollywood,TOI
332,https://timesofindia.indiatimes.com/entertainment/hindi/bollywood/news/have-you-seen-this-bts-video-of-kriti-sanon-sporting-a-baby-bump-on-the-sets-of-mimi/articleshow/74493658.cms,"5 Mar 2020, 16:37",bollywood,TOI
333,https://timesofindia.indiatimes.com/entertainment/hindi/bollywood/news/deepika-padukone-to-shah-rukh-khan-bollywood-celebs-you-didnt-know-have-doll-replicas/photostory/74493219.cms,"5 Mar 2020, 16:17",bollywood,TOI
334,https://timesofindia.indiatimes.com/entertainment/hindi/bollywood/news/kiara-advani-my-roles-have-been-different-from-each-other/articleshow/74492763.cms,"5 Mar 2020, 15:58",bollywood,TOI
335,https://timesofindia.indiatimes.com/entertainment/hindi/bollywood/photo-features/bollywood-celebs-spotted-around-town/photos-kareena-kapoor-khan-amps-up-the-style-quotient-in-comfy-cool-casuals/photostory/74492657.cms?,"5 Mar 2020, 15:51",bollywood,TOI
336,https://timesofindia.indiatimes.com/entertainment/hindi/bollywood/news/guneet-monga-we-women-fix-each-others-crown-we-dont-compete/articleshow/74492489.cms,"5 Mar 2020, 15:44",bollywood,TOI
337,https://timesofindia.indiatimes.com/entertainment/hindi/bollywood/news/indian-film-tryst-with-destiny-to-have-world-premiere-at-tribeca/articleshow/74492359.cms,"5 Mar 2020, 15:39",bollywood,TOI
338,https://timesofindia.indiatimes.com/entertainment/hindi/bollywood/news/sanjay-mishra-excited-about-lead-role-in-kaamyaab/articleshow/74492088.cms,"5 Mar 2020, 17:58",bollywood,TOI
339,https://timesofindia.indiatimes.com/entertainment/hindi/bollywood/news/neena-gupta-i-still-have-a-fear-of-being-out-of-work/articleshow/74492025.cms,"5 Mar 2020, 15:17",bollywood,TOI
340,https://timesofindia.indiatimes.com/entertainment/hindi/bollywood/news/throwbackthursday-preity-zinta-shares-a-goofy-bts-picture-from-the-sets-of-kabhi-alvida-naa-kehna/articleshow/74491343.cms,"5 Mar 2020, 18:04",bollywood,TOI
341,https://timesofindia.indiatimes.com/entertainment/hindi/bollywood/news/baaghi-3-5-reasons-why-tiger-shroffs-action-entertainer-is-a-must-watch/photostory/74491420.cms,"5 Mar 2020, 15:10",bollywood,TOI
342,https://timesofindia.indiatimes.com/entertainment/hindi/bollywood/news/karan-tacker-khan-has-inherent-superstar-quality/articleshow/74491206.cms,"5 Mar 2020, 15:18",bollywood,TOI
343,https://timesofindia.indiatimes.com/entertainment/hindi/bollywood/news/sunit-morajee-gets-set-to-tickle-the-funny-bone-in-baaghi-3/articleshow/74490878.cms,"5 Mar 2020, 14:23",bollywood,TOI
344,https://timesofindia.indiatimes.com/entertainment/hindi/bollywood/news/anil-kapoor-writes-a-sweet-note-for-daughter-rhea-kapoor-on-her-birthday/articleshow/74490789.cms,"5 Mar 2020, 14:01",bollywood,TOI
345,https://timesofindia.indiatimes.com/entertainment/hindi/bollywood/news/photos-sara-ali-khan-wishes-brother-ibrahim-ali-khan-on-his-birthday-with-a-heartfelt-post/articleshow/74490519.cms,"5 Mar 2020, 20:55",bollywood,TOI
346,https://timesofindia.indiatimes.com/entertainment/hindi/bollywood/news/rhea-kapoors-rumoured-boyfriend-karan-boolani-showers-her-with-love-on-her-birthday/articleshow/74490528.cms,"5 Mar 2020, 13:47",bollywood,TOI
347,https://timesofindia.indiatimes.com/entertainment/hindi/bollywood/news/janhvi-kapoor-opens-up-about-being-compared-to-her-mother-says-people-still-look-for-sridevi-in-her/articleshow/74490375.cms,"5 Mar 2020, 13:38",bollywood,TOI
348,https://timesofindia.indiatimes.com/entertainment/hindi/bollywood/news/pavail-gulati-thappad-teaches-not-to-hurt-dignity-of-another-person/articleshow/74490267.cms,"5 Mar 2020, 14:26",bollywood,TOI
349,https://timesofindia.indiatimes.com/entertainment/hindi/bollywood/news/salman-khans-radhe-shoot-in-thailand-cancelled-due-to-coronavirus-outbreak/articleshow/74490235.cms,"5 Mar 2020, 13:30",bollywood,TOI
350,https://timesofindia.indiatimes.com/entertainment/hindi/bollywood/news/vijay-varma-my-role-in-baaghi-3-will-surprise-viewers/articleshow/74490100.cms,"5 Mar 2020, 13:31",bollywood,TOI
351,https://timesofindia.indiatimes.com/entertainment/hindi/bollywood/photo-features/movies-to-look-forward-to/baaghi-3-ahead-of-the-films-release-tiger-shroff-unveils-a-new-intriguing-poster/photostory/74489990.cms,"5 Mar 2020, 13:19",bollywood,TOI
352,https://timesofindia.indiatimes.com/entertainment/hindi/bollywood/news/throwback-thursday-mallika-sherawats-picture-with-jackie-chan-is-sure-to-grab-your-attention/articleshow/74489908.cms,"5 Mar 2020, 13:14",bollywood,TOI
353,https://timesofindia.indiatimes.com/entertainment/hindi/bollywood/news/gabriella-demetriades-india-is-a-land-of-opportunities/articleshow/74489888.cms,"5 Mar 2020, 13:12",bollywood,TOI
354,https://timesofindia.indiatimes.com/entertainment/hindi/bollywood/news/suniel-shetty-is-all-praise-for-akshay-kumars-sooryavanshi-trailer-gives-it-a-five-star-rating/articleshow/74489797.cms,"5 Mar 2020, 13:10",bollywood,TOI
355,https://timesofindia.indiatimes.com/entertainment/hindi/bollywood/news/sonam-kapoor-trolled-for-referring-to-women-in-india-as-second-class-citizens/articleshow/74489699.cms,"5 Mar 2020, 13:07",bollywood,TOI
356,https://timesofindia.indiatimes.com/entertainment/hindi/bollywood/news/kriti-sanon-pens-down-a-heartening-note-as-she-wraps-up-the-shoot-of-laxman-utekars-mimi/articleshow/74489676.cms,"5 Mar 2020, 13:01",bollywood,TOI
357,https://timesofindia.indiatimes.com/entertainment/hindi/bollywood/news/watch-vijay-deverakonda-narrowly-escapes-a-tumble-on-his-way-back-from-fighter-shoot-with-ananya-panday/articleshow/74489185.cms,"5 Mar 2020, 13:07",bollywood,TOI
358,https://timesofindia.indiatimes.com/entertainment/hindi/bollywood/photo-features/celebs-and-their-selfie-obsession/mira-rajputs-out-of-the-bed-selfie-is-too-pretty-for-words/photostory/74489136.cms,"5 Mar 2020, 12:40",bollywood,TOI
359,https://timesofindia.indiatimes.com/entertainment/hindi/bollywood/news/watch-bts-video-of-jacqueline-fernandez-and-bigg-boss-fame-asim-riazs-mere-angne-mein-song-will-get-you-all-excited/articleshow/74489036.cms,"5 Mar 2020, 12:37",bollywood,TOI
360,https://timesofindia.indiatimes.com/entertainment/hindi/bollywood/news/tiger-shroff-deconstructs-six-of-his-most-challenging-action-scenes/articleshow/74488631.cms,"5 Mar 2020, 12:36",bollywood,TOI
361,https://timesofindia.indiatimes.com/entertainment/hindi/bollywood/news/sooryavanshi-a-new-poster-featuring-akshay-kumar-and-katrina-kaif-unveiled/articleshow/74488715.cms,"5 Mar 2020, 12:18",bollywood,TOI
362,https://timesofindia.indiatimes.com/entertainment/hindi/bollywood/news/arjun-rampals-girlfriend-gabriella-demetriades-talks-about-their-son-arik-and-motherhood/articleshow/74487987.cms,"5 Mar 2020, 12:17",bollywood,TOI
363,https://timesofindia.indiatimes.com/entertainment/hindi/bollywood/news/salman-khan-advises-not-to-shake-hands-to-prevent-spreading-of-coronavirus/articleshow/74488274.cms,"5 Mar 2020, 23:19",bollywood,TOI
364,https://timesofindia.indiatimes.com/entertainment/hindi/bollywood/news/varun-dhawan-janhvi-kapoor-and-bhumi-pednekars-mr-lele-put-on-hold/articleshow/74487810.cms,"5 Mar 2020, 12:14",bollywood,TOI
365,https://timesofindia.indiatimes.com/entertainment/hindi/bollywood/news/baaghi-3-tiger-shroff-and-shraddha-kapoor-prep-for-dus-bahane-2-0-watch-video/articleshow/74488306.cms,"5 Mar 2020, 12:03",bollywood,TOI
366,https://timesofindia.indiatimes.com/entertainment/hindi/bollywood/news/mr-lele-shashank-khaitan-shares-a-heartfelt-note-after-putting-the-film-on-hold-says-varun-and-he-will-collaborate-soon/articleshow/74488276.cms,"5 Mar 2020, 12:01",bollywood,TOI
367,https://timesofindia.indiatimes.com/entertainment/hindi/bollywood/news/ranveer-singh-starrer-83-trailer-to-release-on-this-date/articleshow/74488240.cms,"5 Mar 2020, 11:56",bollywood,TOI
368,https://timesofindia.indiatimes.com/entertainment/hindi/bollywood/news/this-is-how-shah-rukh-khan-reacted-when-riteish-deshmukh-told-him-about-his-relationship-with-genelia-dsouza/articleshow/74487996.cms,"5 Mar 2020, 11:41",bollywood,TOI
369,https://timesofindia.indiatimes.com/entertainment/hindi/bollywood/news/watch-katrina-kaif-laughs-her-heart-out-in-this-bts-video-as-she-pulls-off-some-unusual-poses-for-her-photoshoot/articleshow/74487930.cms,"5 Mar 2020, 11:41",bollywood,TOI
370,https://timesofindia.indiatimes.com/entertainment/hindi/bollywood/news/salman-khan-advises-fans-to-stick-to-namaste-and-salaam-as-coronavirus-hits-india/articleshow/74487825.cms,"5 Mar 2020, 13:37",bollywood,TOI
371,https://timesofindia.indiatimes.com/entertainment/hindi/bollywood/news/ali-fazal-and-richa-chadha-now-to-get-married-in-april/articleshow/74487671.cms,"5 Mar 2020, 11:27",bollywood,TOI
372,https://timesofindia.indiatimes.com/entertainment/hindi/bollywood/news/vidya-balan-starts-shooting-for-amit-masurkars-next-in-the-jungles-of-madhya-pradesh/articleshow/74487532.cms,"5 Mar 2020, 11:20",bollywood,TOI
373,https://timesofindia.indiatimes.com/entertainment/hindi/bollywood/news/is-that-ranbir-kapoor-on-alia-bhatts-phone-wallpaper/articleshow/74487472.cms,"5 Mar 2020, 23:17",bollywood,TOI
374,https://timesofindia.indiatimes.com/entertainment/hindi/bollywood/news/atrangi-re-aanand-l-rais-akshay-kumar-sara-ali-khan-and-dhanush-starrer-goes-on-floors/articleshow/74487252.cms,"5 Mar 2020, 11:08",bollywood,TOI
375,https://timesofindia.indiatimes.com/entertainment/hindi/bollywood/news/exclusive-janhvi-kapoor-to-ring-in-her-birthday-at-anshulas-house/articleshow/74487055.cms,"5 Mar 2020, 10:47",bollywood,TOI
376,https://timesofindia.indiatimes.com/entertainment/hindi/bollywood/news/kajol-has-this-to-say-about-rumours-of-fight-with-saif-ali-khan-over-his-tanhaji-comments/articleshow/74486981.cms,"5 Mar 2020, 10:41",bollywood,TOI
377,https://timesofindia.indiatimes.com/entertainment/hindi/bollywood/photo-features/celebs-instagram-pics-you-should-not-miss/photo-tara-sutaria-is-a-vision-in-white-as-she-poses-for-the-camera/photostory/74486634.cms,"5 Mar 2020, 10:17",bollywood,TOI
378,https://timesofindia.indiatimes.com/entertainment/hindi/bollywood/news/radhe-actor-randeep-hooda-to-take-his-relationship-with-rumoured-girlfriend-lin-laishram-to-next-level/articleshow/74486564.cms,"5 Mar 2020, 23:18",bollywood,TOI
379,https://timesofindia.indiatimes.com/entertainment/hindi/bollywood/news/rishi-kapoor-is-all-praise-for-ajay-devgns-period-drama-tanhaji-the-unsung-warrior/articleshow/74486080.cms,"5 Mar 2020, 09:30",bollywood,TOI
380,https://timesofindia.indiatimes.com/entertainment/hindi/bollywood/news/deepika-padukone-gets-a-doll-version-of-her-padmaavat-character-and-it-is-sure-to-wow-you/articleshow/74486041.cms,"6 Mar 2020, 11:00",bollywood,TOI
381,https://timesofindia.indiatimes.com/entertainment/hindi/bollywood/news/from-ranbir-kapoor-to-kareena-kapoor-khan-bollywood-celebrities-who-should-make-their-debut-on-social-media/photostory/74475067.cms,"5 Mar 2020, 09:00",bollywood,TOI
382,https://timesofindia.indiatimes.com/entertainment/hindi/bollywood/news/sonam-kapoor-ahuja-wishes-sister-rhea-kapoor-on-her-birthday-today-with-some-lovely-throwback-pictures/articleshow/74485456.cms,"5 Mar 2020, 08:34",bollywood,TOI
383,https://timesofindia.indiatimes.com/entertainment/hindi/bollywood/news/ranveer-singh-to-vicky-kaushal-photos-of-b-town-actors-taking-a-dip-in-the-pool/photostory/74485254.cms,"5 Mar 2020, 08:30",bollywood,TOI
384,https://timesofindia.indiatimes.com/entertainment/hindi/bollywood/news/watch-taimur-ali-khan-calling-the-paparazzi-aye-bhai-log-is-sure-to-leave-you-amused/articleshow/74485184.cms,"5 Mar 2020, 10:28",bollywood,TOI
385,https://timesofindia.indiatimes.com/entertainment/hindi/bollywood/news/writers-are-receiving-love-and-respect-but-not-monetarily-says-hansal-mehta/articleshow/74484298.cms,"5 Mar 2020, 05:19",bollywood,TOI
386,https://timesofindia.indiatimes.com/entertainment/hindi/bollywood/news/yami-gautam-gets-caught-in-candid-and-we-cant-stop-gushing-over-her-million-dollar-smile-in-the-picture/articleshow/74484282.cms,"5 Mar 2020, 15:13",bollywood,TOI
387,https://timesofindia.indiatimes.com/entertainment/hindi/bollywood/news/malaika-arora-looks-bold-and-beautiful-in-this-sheer-black-ensemble-arjun-kapoor-comments-this-on-it/articleshow/74484267.cms,"5 Mar 2020, 11:38",bollywood,TOI
388,https://timesofindia.indiatimes.com/entertainment/hindi/bollywood/news/alia-bhatt-looks-drop-dead-gorgeous-as-she-pairs-a-purple-dress-with-heels-for-her-latest-outing-shares-pics-on-instagram/articleshow/74484185.cms,"9 Mar 2020, 11:36",bollywood,TOI
389,https://timesofindia.indiatimes.com/entertainment/hindi/bollywood/news/you-cant-help-but-fall-in-love-with-this-sun-kissed-picture-of-diana-penty/articleshow/74484121.cms,"5 Mar 2020, 12:52",bollywood,TOI
390,https://timesofindia.indiatimes.com/entertainment/hindi/bollywood/news/throwback-thursday-amitabh-bachchan-shares-an-old-picture-of-jaya-bachchan-in-swami-vivekanands-avatar-from-a-bengali-film/articleshow/74484074.cms,"5 Mar 2020, 12:35",bollywood,TOI
391,https://timesofindia.indiatimes.com/entertainment/hindi/bollywood/news/alia-bhatt-kiara-advani-vaani-kapoor-and-other-bollywood-actors-come-under-one-roof-for-this-view-pictures/articleshow/74483863.cms,"9 Mar 2020, 11:32",bollywood,TOI
392,https://timesofindia.indiatimes.com/entertainment/hindi/bollywood/news/a-pre-wedding-vacation-for-richa-chadha-and-ali-fazal/articleshow/74478466.cms,"5 Mar 2020, 01:00",bollywood,TOI
393,https://timesofindia.indiatimes.com/entertainment/hindi/bollywood/news/kareena-kapoor-khan-you-need-to-have-a-strong-gut-and-be-made-of-steel-to-survive-for-so-long/articleshow/74479160.cms,"5 Mar 2020, 01:00",bollywood,TOI
394,https://timesofindia.indiatimes.com/entertainment/hindi/bollywood/news/photos-ananya-panday-flashes-her-sweet-smile-as-she-at-versova-jetty-sans-vijay-deverakonda/articleshow/74483645.cms,"5 Mar 2020, 00:41",bollywood,TOI
395,https://timesofindia.indiatimes.com/entertainment/hindi/bollywood/news/nitesh-tiwari-challenging-to-make-ramayana-appealing-for-all-generations/articleshow/74482944.cms,"4 Mar 2020, 23:21",bollywood,TOI
396,https://timesofindia.indiatimes.com/entertainment/hindi/bollywood/news/rakul-preet-on-womens-day-why-should-we-celebrate-woman-just-one-day/articleshow/74482652.cms,"4 Mar 2020, 22:55",bollywood,TOI
397,https://timesofindia.indiatimes.com/entertainment/hindi/bollywood/news/salman-khan-get-snapped-driving-an-suv-in-the-city-view-pics/articleshow/74482386.cms,"5 Mar 2020, 03:20",bollywood,TOI
398,https://timesofindia.indiatimes.com/entertainment/hindi/bollywood/news/after-gaining-weight-for-thalaivi-and-panga-kangana-ranaut-has-to-shed-20-kilos-for-dhaakad-in-just-two-months/articleshow/74480670.cms,"4 Mar 2020, 20:46",bollywood,TOI
399,https://timesofindia.indiatimes.com/entertainment/hindi/bollywood/news/photo-this-beautiful-frame-of-boney-kapoor-and-sridevi-shared-by-daughter-janhvi-kapoor-is-unmissable/articleshow/74479953.cms,"4 Mar 2020, 19:52",bollywood,TOI
400,https://timesofindia.indiatimes.com/entertainment/hindi/bollywood/news/amitabh-bachchan-coins-an-abbreviation-for-his-upcoming-film-gulabo-sitabo-call-it-gibosibo/articleshow/74479575.cms,"4 Mar 2020, 19:26",bollywood,TOI
401,https://timesofindia.indiatimes.com/entertainment/hindi/bollywood/news/exclusive-baaghi-3-actor-tiger-shroff-on-syria-controversy-it-was-just-a-scene-that-was-taken-and-put-into-the-trailer/articleshow/74479310.cms,"4 Mar 2020, 19:05",bollywood,TOI
402,https://timesofindia.indiatimes.com/entertainment/hindi/bollywood/news/this-is-the-reason-radhika-madan-feels-all-bubbly/articleshow/74478639.cms,"4 Mar 2020, 18:33",bollywood,TOI
403,https://timesofindia.indiatimes.com/entertainment/hindi/bollywood/news/coronavirus-outbreak-anushka-sharma-anupam-kher-sunny-leone-and-others-ask-fans-to-stay-safe/articleshow/74477914.cms,"4 Mar 2020, 23:46",bollywood,TOI
404,https://timesofindia.indiatimes.com/entertainment/hindi/bollywood/news/akshay-kumar-in-padman-to-amitabh-bachchan-in-pink-men-who-empowered-women-on-screen/photostory/74477644.cms,"4 Mar 2020, 17:54",bollywood,TOI
405,https://timesofindia.indiatimes.com/entertainment/hindi/bollywood/news/janhvi-kapoor-shares-a-glimpse-from-sridevis-second-death-anniversary-prayer-meet-in-chennai/articleshow/74477200.cms,"5 Mar 2020, 09:33",bollywood,TOI
406,https://timesofindia.indiatimes.com/entertainment/hindi/bollywood/news/natasa-stankovic-applauds-fianc-hardik-pandya-as-he-hits-a-ton/articleshow/74476415.cms,"4 Mar 2020, 23:47",bollywood,TOI
407,https://timesofindia.indiatimes.com/entertainment/hindi/bollywood/news/this-video-of-a-thrilled-taimur-ali-khan-calling-out-doggie-doggie-will-melt-your-heart/articleshow/74476358.cms,"4 Mar 2020, 16:42",bollywood,TOI
408,https://timesofindia.indiatimes.com/entertainment/hindi/bollywood/news/photos-kartik-aaryan-snapped-with-an-arm-cast-as-he-leaves-the-hospital-post-surgery/articleshow/74476097.cms,"4 Mar 2020, 18:41",bollywood,TOI
409,https://timesofindia.indiatimes.com/entertainment/hindi/bollywood/news/rohan-shrestha-wishes-rumoured-lady-love-shraddha-kapoor-on-her-birthday-with-a-sun-kissed-click/articleshow/74475927.cms,"4 Mar 2020, 23:58",bollywood,TOI
410,https://timesofindia.indiatimes.com/entertainment/hindi/bollywood/news/angrezi-medium-song-kudi-nu-nachne-de-fans-all-praise-for-alia-bhatt-anushka-sharma-katrina-kaif-and-others-light-hearted-track/articleshow/74475579.cms,"4 Mar 2020, 15:58",bollywood,TOI
411,https://timesofindia.indiatimes.com/entertainment/hindi/bollywood/news/have-you-seen-these-childhood-pictures-of-sonam-kapoor-patiently-getting-her-mehendi-done/articleshow/74475300.cms,"4 Mar 2020, 15:41",bollywood,TOI
412,https://timesofindia.indiatimes.com/entertainment/hindi/bollywood/news/overwhelmed-shraddha-kapoor-pens-note-of-gratitude-to-fans-for-their-birthday-wishes/articleshow/74474783.cms,"4 Mar 2020, 15:12",bollywood,TOI
413,https://timesofindia.indiatimes.com/entertainment/hindi/bollywood/news/varun-dhawan-shares-pictures-of-lady-coolies-and-calls-them-real-coolie-no-1/articleshow/74474768.cms,"4 Mar 2020, 23:48",bollywood,TOI
414,https://timesofindia.indiatimes.com/entertainment/hindi/bollywood/news/this-throwback-picture-of-ranbir-kapoor-sharing-a-laugh-with-mom-neetu-kapoor-is-pure-gold/articleshow/74474572.cms,"4 Mar 2020, 15:05",bollywood,TOI
415,https://timesofindia.indiatimes.com/entertainment/hindi/bollywood/news/bhumi-pednekar-durgavati-as-a-film-is-a-huge-responsibility/articleshow/74474406.cms,"4 Mar 2020, 14:52",bollywood,TOI
416,https://timesofindia.indiatimes.com/entertainment/hindi/bollywood/news/thappad-co-writer-mrunmayee-we-are-victims-of-our-own-conditioning/articleshow/74474126.cms,"4 Mar 2020, 15:19",bollywood,TOI
417,https://timesofindia.indiatimes.com/entertainment/hindi/bollywood/news/hrithik-roshan-is-all-praise-for-south-superstars-allu-arjun-and-thalapathy-vijays-dance-moves/articleshow/74474035.cms,"4 Mar 2020, 14:27",bollywood,TOI
418,https://timesofindia.indiatimes.com/entertainment/hindi/bollywood/news/sandeep-aur-pinky-faraar-trailer-arjun-kapoor-and-parineeti-chopras-gritty-romance-thriller-looks-every-bit-intriguing/articleshow/74473956.cms,"4 Mar 2020, 14:20",bollywood,TOI
419,https://timesofindia.indiatimes.com/entertainment/hindi/bollywood/news/tiger-shroff-to-unveil-a-larger-than-life-poster-of-baaghi-3-tomorrow-read-details/articleshow/74473730.cms,"4 Mar 2020, 14:06",bollywood,TOI
420,https://timesofindia.indiatimes.com/entertainment/hindi/bollywood/news/salman-khan-to-reunite-with-kabir-khan-for-tiger-franchise/articleshow/74473592.cms,"4 Mar 2020, 14:03",bollywood,TOI
421,https://timesofindia.indiatimes.com/entertainment/hindi/bollywood/news/you-just-cannot-miss-these-unseen-photos-of-kartik-aaryan-and-baaghi-3-actress-shraddha-kapoor/articleshow/74473451.cms,"4 Mar 2020, 23:48",bollywood,TOI
422,https://timesofindia.indiatimes.com/entertainment/hindi/bollywood/news/bhool-bhulaiyaa-2-actor-kartik-aaryan-to-attend-event-amidst-a-surgery-to-fulfil-his-work-commitment/articleshow/74473306.cms,"4 Mar 2020, 13:46",bollywood,TOI
423,https://timesofindia.indiatimes.com/entertainment/hindi/bollywood/news/radhika-madan-rocks-this-retro-look/articleshow/74472792.cms,"4 Mar 2020, 13:45",bollywood,TOI
424,https://timesofindia.indiatimes.com/entertainment/hindi/bollywood/news/photos-taimur-ali-khan-steps-out-in-style-with-kareena-kapoor-khan-and-grandmother-babita/articleshow/74473068.cms,"4 Mar 2020, 19:27",bollywood,TOI
425,https://timesofindia.indiatimes.com/entertainment/hindi/bollywood/news/photo-kareena-kapoor-and-malaika-arora-look-beautiful-as-bridesmaids-in-this-throwback-picture-from-amrita-aroras-wedding/articleshow/74472937.cms,"4 Mar 2020, 23:49",bollywood,TOI
426,https://timesofindia.indiatimes.com/entertainment/hindi/bollywood/news/preity-zinta-celebrates-her-first-wedding-anniversary-this-leap-year/articleshow/74472771.cms,"4 Mar 2020, 13:18",bollywood,TOI
427,https://timesofindia.indiatimes.com/entertainment/hindi/bollywood/news/photos-bhumi-pednekar-ups-her-glam-quotient-in-a-shimmery-outfit-and-it-is-sure-to-drive-away-your-mid-week-blues/articleshow/74472770.cms,"4 Mar 2020, 13:12",bollywood,TOI
428,https://timesofindia.indiatimes.com/entertainment/hindi/bollywood/news/kareena-kapoor-khan-attributes-hubby-saif-ali-khan-for-her-reinvention/articleshow/74472616.cms,"4 Mar 2020, 13:10",bollywood,TOI
429,https://timesofindia.indiatimes.com/entertainment/hindi/bollywood/news/did-you-know-that-tiger-shroff-teamed-up-with-three-action-directors-for-baaghi-3-read-details/articleshow/74472488.cms,"4 Mar 2020, 12:56",bollywood,TOI
430,https://timesofindia.indiatimes.com/entertainment/hindi/bollywood/news/katrina-kaif-gets-goofy-as-she-showers-love-on-irrfan-khan-starrer-angrezi-medium/articleshow/74472379.cms,"4 Mar 2020, 12:50",bollywood,TOI
431,https://timesofindia.indiatimes.com/entertainment/hindi/bollywood/news/anushka-sharma-calls-katrina-kaif-beautiful-as-the-latter-dolls-up-in-a-stunning-floral-lehenga/articleshow/74472103.cms,"4 Mar 2020, 12:40",bollywood,TOI
432,https://timesofindia.indiatimes.com/entertainment/hindi/bollywood/news/amidst-coronavirus-outbreak-prabhas-snapped-in-a-mask-at-airport-as-he-travels-to-europe-for-next-film-view-photos/articleshow/74471767.cms,"4 Mar 2020, 13:14",bollywood,TOI
433,https://timesofindia.indiatimes.com/entertainment/hindi/bollywood/news/angrezi-medium-kareena-kapoor-khan-opens-up-on-working-with-irrfan-khan-calls-him-one-of-the-finest-performers/articleshow/74471552.cms,"4 Mar 2020, 12:16",bollywood,TOI
434,https://timesofindia.indiatimes.com/entertainment/hindi/bollywood/photo-features/jacqueline-fernandezs-instagram-pictures-you-just-should-not-miss/jacqueline-fernandez-looks-like-a-warrior-princess-in-her-latest-instagram-pictures/photostory/74471502.cms,"4 Mar 2020, 12:09",bollywood,TOI
435,https://timesofindia.indiatimes.com/entertainment/hindi/bollywood/news/rakul-preet-singh-dazzles-in-a-white-and-grey-sari/articleshow/74471318.cms,"4 Mar 2020, 12:07",bollywood,TOI
436,https://timesofindia.indiatimes.com/entertainment/hindi/bollywood/news/raveena-tandons-wake-up-and-shine-selfie-looks-glamorous/articleshow/74470693.cms,"4 Mar 2020, 12:04",bollywood,TOI
437,https://timesofindia.indiatimes.com/entertainment/hindi/bollywood/news/salman-khan-charged-rs-7-crore-a-day-for-an-advertisement-shoot/articleshow/74471400.cms,"4 Mar 2020, 12:03",bollywood,TOI
438,https://timesofindia.indiatimes.com/entertainment/hindi/bollywood/news/sushmita-sen-shares-a-post-on-hope-and-keeping-the-faith/articleshow/74471019.cms,"4 Mar 2020, 11:51",bollywood,TOI
439,https://timesofindia.indiatimes.com/entertainment/hindi/bollywood/news/akshay-kumar-has-this-to-say-about-laxmmi-bomb-clashing-with-salman-khans-radhe-your-most-wanted-bhai/articleshow/74471127.cms,"4 Mar 2020, 11:50",bollywood,TOI
440,https://timesofindia.indiatimes.com/entertainment/hindi/bollywood/news/shraddha-kapoor-talks-about-actresses-being-replaced-in-films/articleshow/74470857.cms,"4 Mar 2020, 11:44",bollywood,TOI
441,https://timesofindia.indiatimes.com/entertainment/hindi/bollywood/news/this-video-of-shah-rukh-khan-warmly-posing-with-kids-is-the-best-thing-on-the-internet-today/articleshow/74470885.cms,"4 Mar 2020, 11:41",bollywood,TOI
442,https://timesofindia.indiatimes.com/entertainment/hindi/bollywood/news/sharmin-segal-an-actors-real-journey-begins-after-their-debut-film-has-left-the-theatres/articleshow/74470881.cms,"4 Mar 2020, 11:41",bollywood,TOI
443,https://timesofindia.indiatimes.com/entertainment/hindi/bollywood/news/farhad-samjitheres-no-talk-of-govinda-doing-a-cameo-for-the-remake-of-coolie-no-1/articleshow/74470397.cms,"4 Mar 2020, 11:38",bollywood,TOI
444,https://timesofindia.indiatimes.com/entertainment/hindi/bollywood/news/kunal-kemmus-take-on-depression-heres-what-the-actor-says/articleshow/74470629.cms,"4 Mar 2020, 11:31",bollywood,TOI
445,https://timesofindia.indiatimes.com/entertainment/hindi/bollywood/news/indian-2-accident-kamal-haasan-questioned-by-cops-in-crane-accident-case/articleshow/74470181.cms,"4 Mar 2020, 11:05",bollywood,TOI
446,https://timesofindia.indiatimes.com/entertainment/hindi/bollywood/news/ayushmann-khurranas-wife-tahira-kashyap-on-coronavirus-scare-in-delhi-the-sight-is-really-disturbing/articleshow/74470227.cms,"4 Mar 2020, 11:03",bollywood,TOI
447,https://timesofindia.indiatimes.com/entertainment/hindi/bollywood/news/5-reasons-why-shah-rukh-khan-and-rajkumar-hirani-teaming-up-is-good-news-for-fans-/photostory/74442308.cms,"4 Mar 2020, 11:00",bollywood,TOI
448,https://timesofindia.indiatimes.com/entertainment/hindi/bollywood/news/womancrushwednesday-5-times-malaika-arora-set-our-heart-racing-with-thigh-high-slit-gowns/photostory/74468530.cms,"4 Mar 2020, 11:00",bollywood,TOI
